00292712
00164345
00635794
12857204
02276749
07140348
03982430
03017922
14507951
12536665
02862048
04654652
01608432
00234892
08253815
04111190
10427658
03545150
00014034
01773130
05251789
09989168
01409477
06544142
01723224
00232386
02129165
13578267
05205537
02570648
01168468
02378183
02619839
01286290
00814621
04698656
02869563
00266253
09798811
08389900
02565911
10296618
13574452
01357288
12019190
03714721
08549733
01685277
14591091
12372932
12316572
07755411
02194913
13850019
00522537
06588326
07364700
09964805
01817500
11924014
04628850
12930778
00072897
10768903
10125786
05181199
12181851
13722757
00145147
08964810
12292285
00858742
06845599
00699334
10038778
00922867
09011518
05207570
02599207
04902470
00439749
01076359
09450866
02029492
04502197
01965331
04238321
14162025
05509146
01277755
08289089
12326604
07962991
02454999
15201505
09763349
11127419
07712559
08141092
13497135
00024720
01540432
10777894
00230475
08524735
04921754
08717730
10743941
00356258
15299585
15159819
04044119
00438065
08454818
10213429
01932586
14685641
02492536
03386011
07992450
02248368
10690421
11056654
08907377
06919433
03510072
03605915
02200498
02227741
04986883
07983170
10732314
06917602
08272460
00867790
00592535
00307314
00914632
10556953
00346714
09338013
01223877
13780719
08549480
12611640
00088481
03589791
01288201
02302853
01959294
02615739
00615421
02418421
12978381
02067941
09307300
05467432
04585745
01951276
02034661
12480233
05576573
03558404
07340094
07027458
05769833
09251832
02030158
00828336
03120454
03542860
01597662
01966706
01498319
03528901
12763762
09004068
08036293
01093172
12714254
00620673
07896994
14598079
13900422
09293917
01767661
01745125
02314658
08309409
06707709
00543410
01999374
04376400
00470386
13238375
00606600
11925140
05707495
07677860
10362319
06503724
10763725
12789399
12964572
13049561
02439501
00464828
10260166
09076982
08416523
02031143
15106867
00692580
00336260
11812094
04470232
00161888
10484526
08559155
12030908
12883395
03740161
00924579
10805932
00490569
00935456
00483801
02010698
13541491
03457902
01743217
01385170
13207736
03223686
03903424
00683771
02644113
01325417
01879379
06424275
06733939
10677713
00086809
00181476
09277010
02428349
02352390
06558088
01224517
06725877
05633672
15278281
14633206
02063018
02326237
01183166
03646916
10250527
08276342
07631672
10407310
04536153
12374002
12722071
07003672
00047018
13516312
07939382
00836926
01618220
00529511
06432715
06501311
00822367
02872752
02767116
00719494
02459633
00412292
00236592
05018934
02159117
00566099
12639168
02504770
13878112
06868043
02371344
01357507
08786660
08707917
13122985
00913705
05399847
01810700
01535742
00087218
01918184
01893535
14872875
03869044
01845272
02392654
08950035
10935745
10438172
15171008
14531772
12595964
10856486
07094731
00508340
02409369
13259630
13616926
00664110
00667747
09247071
05893653
09429387
13344664
08923177
00660971
13043264
00266806
12780852
14489113
10702615
11738378
00755500
02907473
02532028
09333706
01668436
00138956
01247804
00287258
09913329
09377861
02948719
06351613
04076846
05754519
03994008
00238527
06493392
11540970
02585732
15252635
12293419
13572860
01116380
09747191
01827948
00947077
01120900
03084420
01350449
13120446
06804728
02587239
00599835
02441022
00862225
12268096
10431625
02400139
09837201
01317541
07460104
00625963
00340662
00750890
12113471
06070503
07593774
02638845
11498203
12630478
01872094
06610436
09804230
01805247
01410905
10138369
14893652
09608520
01253060
03020692
11537506
04576211
09906986
06469874
11680995
11988774
06786629
00440580
01129920
02239659
06412771
10055085
13262913
12321873
00044797
01169704
01755137
01055073
02204722
07121904
07649463
10974033
15293590
01007609
04190747
10086074
14599641
01545149
01481027
03455033
01758339
05453145
08711974
01484714
06923880
02241799
07649582
14758027
09843956
03115897
00113853
06223669
00931040
14290881
04534520
09164095
10605088
03443543
15190895
02213362
08079319
10472129
11986091
01539487
08791167
02835654
01305241
05344514
06940290
01157384
01892104
09906848
12406304
01438304
01050187
10940053
05417698
00702773
13258362
08877807
14407283
01938454
01699537
00694866
05145891
12074205
14672717
07091587
07507912
00247442
09435065
00442115
02480855
13214813
06918396
07230089
04229195
12730544
03611590
01809064
08026539
12698027
13813042
02323449
10231087
13319032
00532429
01474641
14851157
12508309
01924590
08211475
12793695
02568065
14888884
13498828
12236546
00614730
02052936
01313411
03318983
10129825
13726947
02611002
09024972
12635744
07963087
07723559
11800236
04557111
02684644
05534333
10951697
09273447
11732052
04203705
03251533
06253371
11414041
05933246
03398467
06155567
00318186
02088241
12649723
00649033
00786887
12366507
07866151
00967993
03988170
10435251
02674482
03060728
09854915
02601921
05615147
00682230
02095060
14652954
02045024
01721754
12059479
01663749
02508213
12667582
14403282
08644045
13209647
01391174
10199251
15073973
02080577
15143477
02504323
02899257
03637480
12735160
14160786
13327231
04610879
14714817
10373801
00879764
07682624
08134807
07905038
12131550
01228530
03716327
00514463
10215623
05700625
00529400
12055839
02265231
02647503
04187547
00140751
08128159
04331277
01180975
02494538
12606227
10566072
04097373
03922722
12645174
02814774
00784934
11537327
15271417
13440779
14804175
12562141
11609475
11942144
10005280
02848216
02000036
00429763
13246662
01253808
00558371
01305099
00135952
10421016
12614317
14061462
05466696
07945657
00129743
14668065
01773346
08798062
05222591
13506727
01883716
03118346
14398067
03430091
03787308
09320985
12007766
02398463
00743822
00236581
02607630
08983556
04370774
12457091
07220466
08036005
02922159
01881696
12393942
11467786
02469588
12842302
00805376
14045141
01349130
04958634
01442779
10316013
15035123
02133902
13537429
00126264
00951069
04532106
04540547
08357784
02028722
14213512
02202678
00740577
00556193
04769456
05443651
14427065
05892096
11839568
02149302
07415167
06960298
02718469
01517662
06728726
08592656
05126611
00583990
07654667
06258031
00974762
04710390
11725623
08303275
08051946
07386370
04187061
08163025
08358594
02403454
06430784
01215719
12730370
10049017
10056103
06050650
11878283
14326607
01232387
00058743
05321917
02407959
09679925
03694761
00800825
03514974
01492357
02461701
01137829
05951323
03391770
01549769
10555059
12588156
06441973
11312709
09637211
10525878
07249180
10649574
02511424
02359915
05961867
01579868
02989685
02404186
09937489
02524081
02281325
06164665
07272545
02424254
02524897
01909906
12482031
06440102
02678738
02858231
08109624
01937909
12470092
00099184
02912065
06944348
00445940
13366137
07950920
14780850
10538154
00904494
02285359
09972661
11028074
11876803
01581434
09390424
02559606
06653363
15200896
00213544
10213319
00569556
07552087
02025353
05176477
00727991
00137313
15182805
00477941
01480469
13733402
08321469
02646985
12570126
09867437
04868148
11147729
14577046
04424218
08038379
01029852
03747281
12340383
14046202
01157850
05133287
01578993
02639312
02560767
02291548
01191755
11604698
03035252
11777365
03966751
03156990
13962166
12844409
00774817
04209811
10464542
01699346
14904359
01380298
14124688
07567139
02302454
09798534
06874688
05923983
04216963
07560422
05685538
11771539
00675064
01255057
12924452
04019101
00835903
07536074
15047313
01314388
07513508
06268784
08974818
14044930
08231678
12002651
10069645
12981595
00996448
01789740
00471277
12171966
04178329
02724533
00713250
09035951
02374451
14632129
06665108
02765692
13889602
12062227
01962662
08896645
14405931
01613615
11995683
14285662
01157557
01457082
03409591
11831874
06347996
14693733
00506952
06615458
15123115
01535842
00417413
14102075
02110927
02111684
14228148
00294245
10385707
05964643
11870418
15069820
08011266
11953762
00971309
13575433
03474635
08769645
09066534
05556204
01390287
01768402
11956850
09162414
07395446
01960301
05461816
14393438
12314808
01189929
07317764
05611302
10742546
00599329
10187842
00596193
06796119
02357228
02540347
00614999
00790965
02082632
12629523
15247518
02166826
12521186
01319562
08207095
12409470
10339504
03748886
02660819
08565006
09663472
07188685
06833663
12489268
02608823
01590837
09955015
06502858
01055661
14854847
07477587
03059366
00428270
05881867
00285889
01846658
09804806
10488016
00927049
01880570
01219004
01454431
00063291
01950502
02120451
03479397
05980256
14145501
09443136
02761392
04893358
00598954
12634429
00599234
14379501
02629435
12355320
03829563
14149963
01801080
02647903
00335988
12818147
12411710
07888909
09140148
01290255
01421122
11993007
02249438
10513623
14890286
05064541
10726786
01454260
12821048
13786960
01586600
00907800
14980579
13618180
12896615
04262969
01178220
08701719
06734467
01732445
06464838
01556182
02276866
01243661
15140892
05235879
02048952
03242713
00357332
03968581
03534776
02991302
14513259
09605289
14654541
13447361
10317500
10511960
00228535
07014029
00867231
08055150
08391696
01641751
12383073
10227985
04039848
04863793
02526085
03409920
08962187
09993901
04160586
01737197
07321247
14403560
10005721
01722447
10974740
00053341
09755241
04223580
08508736
01695259
02844728
02331326
03180969
01280055
12226009
00788362
02454312
15126750
00262792
00061595
03948041
02010453
06727224
08230009
03638321
04191943
01983797
01417868
12705978
00098770
10750188
02901481
12850718
11996092
03288003
05695232
10200781
02323059
05047059
03684740
13145444
13197800
04595285
08347457
01416354
09086173
00834009
08077292
01686439
05702726
02146064
08124649
00745383
02283201
02241184
08310389
02041875
09996920
02312478
10528493
01426153
08209687
00518115
09831962
10171219
13443787
00334186
12683950
13543093
00199490
09157021
01677613
11873396
15190084
13554121
07061334
14675012
07436661
05469032
10754920
13308999
10564800
00883847
10504206
08928193
00118066
03118846
03089014
02610541
01845229
05074374
04309049
02676054
10050712
01315581
01519569
09885145
01040646
11736569
03081021
01359145
00238871
12149144
09306031
01575388
00067545
01665836
12302974
14408086
02483267
00033852
13547677
11860801
01896484
02806261
11907939
12293180
12466450
01666327
02614181
01614079
04373894
03701640
01911698
00733454
06644105
02515410
09283767
01665185
09065557
07006119
09886807
01465054
05586759
08499057
09100394
01982395
08247251
06987124
09484664
06608617
01161161
06894544
11835251
06656408
01233993
07670731
06167328
09753348
02693895
10107303
03619793
15181718
14396890
00453803
11128394
15225249
02592607
07419792
10467179
11937965
01070892
07351612
01054227
14558226
01079396
04546855
01867295
00611256
01022008
13573181
02413140
02577532
02444103
02247076
05453657
09114128
07577374
05392744
02466132
04285965
06707178
11190774
13908021
02758960
01666717
00751529
05119837
00120943
08899577
13433727
01391280
12815434
12851094
05690269
10557699
01682039
09384921
10278805
08216647
01723678
05179180
00991838
07516997
08809165
06473563
00246754
10511239
09075842
01533339
02860919
01696648
00132601
06892775
13531435
01867697
11961686
06777687
08908509
05399627
01204021
12698435
01693783
00348571
09543353
02681518
02830721
00923444
00573268
12903367
07209305
12948251
02320621
11178161
00756338
06220616
04878646
12406715
13428159
02341108
00368302
10999410
00029378
00061401
05082790
11225661
04844024
14176895
01428578
01938312
00234390
02738535
10022759
06126523
00822449
07498210
07339808
08908739
00653958
12748815
03625355
11244061
12506341
10316862
01354149
02174355
02255855
12125398
05768252
06636259
05517578
14121058
01779148
02432139
01751545
10318193
00506672
01472638
12676703
13259481
00160261
05340599
01230965
09028062
13398469
08039312
00808767
08889944
09225146
02239347
10398624
08250635
08795654
12186116
13138658
14659211
04403638
01590042
09822955
00896803
00735832
03397532
00299341
03928589
04080833
10024362
09065191
12663554
02372251
12147699
02880940
03496296
03633091
06761603
02176268
06711159
04750764
00415988
01670511
13145924
04145056
00887081
02075296
02794372
09364249
12808933
00714273
00267349
02761372
00026153
02558079
00112674
11942366
07376257
00883139
07335243
03410022
13632164
02405577
12952165
01330269
14672224
07129867
02887489
06720600
02989893
01181295
11732309
01774595
00161243
11165854
12201938
01094086
06922045
12194613
08543081
10366779
02066939
13327896
01408153
04450749
12539074
01001136
07668702
04140064
06567531
03167666
10854397
12331066
00423971
00550117
02555863
09316454
04169152
01056554
05978159
10322546
00207622
11956348
04559451
06971872
10611541
02536329
09788237
02611442
02284367
12637485
09425835
11862835
11712282
02987177
08762823
01756719
02474446
01280014
02469914
08207209
06617413
02214485
01388992
00782241
14065903
08855909
12665048
13571217
10190516
01195675
14668277
10669236
12852049
02611154
01369346
12667179
02581276
00589624
14469766
06338278
05648247
10786270
01080691
07404261
05688486
01314910
02971672
10206173
11691523
15273626
02198859
07372565
08619343
08229362
05958208
03404900
12146100
07440979
03436182
07758680
00376106
14015361
05706228
01569423
06319293
00565081
08729094
11119061
11654124
00512186
06608728
00065184
01415585
00801782
01028082
01809617
09443453
08855763
02397251
15263283
01821203
07228211
07752264
04931267
00351266
12381511
07226330
14483917
07465290
12496427
00178832
12794985
00920125
14017332
12714755
02225231
00013615
02708420
15186412
04300741
00674562
00872414
09863749
11879722
12468243
00129317
00385501
01493366
03471030
06349597
09760609
13344071
02722166
00174412
00573530
15150493
00837133
00904690
05525807
09565099
04716864
04080454
12153580
04497005
11547562
00290132
14865316
04837931
14599168
02107817
13461951
10075693
03075768
09780984
01579622
01390466
10599354
02220393
13781670
06838219
02029914
08389297
03821660
11133551
06317672
00027268
00357680
09891730
06611856
00722479
02752615
09656673
02152212
01152973
02353537
01940736
05410646
13711855
07931870
04660536
01823279
01694178
09809925
13331198
02141713
09939154
01313249
08994339
02285629
09693618
01854700
03409393
04232312
03390983
09719653
01975387
08520728
04287351
02236044
11542640
05802185
07497473
00916679
02871963
09206693
12348294
10604180
01016832
02590237
14559208
01498498
05928118
04133789
00480751
05426243
03595614
07827554
04970059
01766407
07073447
02041422
14416473
11732857
09483129
01950457
03921749
10628644
09472413
02066086
08361001
13280658
01283935
13632961
03066130
08727396
01920330
01146576
13659162
08437968
04598010
11263558
01612084
01494188
08873147
14785325
09896170
00052845
12236160
01846916
00445055
01135501
05441468
01466047
07353075
00915041
10879789
10705345
07420991
00255214
08756735
05289861
13555446
01787822
08165353
02769075
01700470
02516978
02353201
04311595
04308583
08132323
04821802
06156968
01056411
15203565
01951480
03022978
12134836
08453722
01527877
01525116
12972414
06500937
09022667
01198307
13617207
00040188
08759986
09879297
02897237
07905979
06497459
14920844
00026385
08582613
05790944
00772026
03744840
03378005
00003826
06741099
02811936
01981436
02520669
00095329
12582231
03429288
02635154
01470856
08911421
05042871
10659188
09886010
00745078
06275634
12306717
01129977
03882058
03426574
12137791
15091669
06838652
05244934
02238235
14861042
10681194
00369628
09011922
15185996
09481285
00728826
02016523
01287782
04406817
02136285
09141119
00213223
12627119
01156112
00724861
08253450
04123567
00903559
12955191
06817782
07334876
06790557
07223811
14143415
00115157
02306433
01459242
10803193
10059323
05645597
12222334
07060167
10982127
14019600
08210254
10672908
07380144
01681200
04417086
01455778
02206619
09559201
02996840
06953731
14536438
09196611
02252039
15098161
00610538
10564224
06638868
12367611
02790474
01637166
05968710
05395690
10166762
11990313
06200344
00358431
05162455
02619424
11908718
13658657
02014061
12963796
14207809
09734006
00694641
06706125
12615097
04840537
05740300
15017604
01843805
07680932
12872257
10779416
04784664
07860805
00796315
01410847
06913635
03884072
12599435
00961736
13144794
00359806
07764630
07813495
00076884
01469222
03345115
02334756
12586867
04907991
01275762
05637106
10322391
08428485
12156308
07792470
01681940
10763985
01777817
05570839
10718509
15278960
12004310
13296460
10748620
01855476
01307754
12952852
01319187
12310349
02156063
03774842
08108784
07316856
10474950
01687665
01803764
11122114
13974317
02678839
01777210
00790308
03963294
04740173
02535537
11830714
07466557
10093908
08085159
11827348
02584981
08602650
00907147
01375204
04502364
01556346
01264050
00950782
02064000
12423565
01249490
01055018
00719734
00920956
13631845
00306017
03499468
07823814
01393339
01255648
07450343
01923630
09940725
01805384
00229934
01384164
02083346
08346286
03054098
06236309
01622596
07319652
11841061
03460674
14459824
00721431
01167188
08734385
00811375
02522399
06566949
10463028
15279957
13549672
02276088
03812924
05603342
08343534
13154077
03649459
00102586
07384741
01518718
03092656
01556368
10553627
05782884
01144133
02739254
13602526
10251125
01499849
12454159
05532641
07534700
04941124
00058401
08482577
14019441
01908039
01633343
04034884
04216508
12332866
06695227
13449566
00756780
02350537
02488702
01894803
00682928
15078550
10539715
09145217
03662719
02004855
05109808
13744916
01948284
05655567
09946278
09215437
01244351
01127019
04928008
12063066
00653811
02324850
12001565
12738087
14992287
00133978
07180183
02160177
02262178
05565696
11203059
12261571
13298011
14291010
04954683
09960315
01780941
06838329
06540863
09075329
00379774
01088304
01509584
14478433
08165455
05484711
02038010
14896441
00958334
04485226
05350061
02115775
08706663
00037514
14674408
02004874
04388372
03570709
12370384
05726596
02469085
00042457
08905751
09503282
02614387
11711971
04055861
04689660
04693384
09643670
00893955
03922561
01355326
04906273
12395068
12806270
02052226
02728784
02472293
14317720
01346978
04530566
14156488
02379198
10053439
02328820
00265386
00500356
04535524
02896074
06663940
10602985
05133535
12401335
03336839
00534480
07140978
13483190
01345877
06449735
07823951
12592351
15157225
11509377
15059404
05070849
03187595
08801678
11641494
13164763
03493079
01487506
11894327
01632411
06416206
00629997
01942177
01673668
02958017
04704675
09694109
09193282
05326624
01831519
01670378
00419950
07180570
05194043
12523141
12713358
05662876
13784906
10309785
01775879
02333979
08846739
01999423
01547641
05068461
01059564
04873939
13250680
11747468
02178886
09623038
09773245
01601694
09365288
11856055
03743016
02933990
00062582
10675876
00306298
09285979
02423022
07887634
13977870
11192067
00191517
06264812
11754633
00309115
02265330
01253665
08704409
00084107
02549392
09772606
13965627
02403408
00528608
00576228
08397255
05514905
01763303
07828156
05350679
00847365
07979425
04771890
02718015
06128307
11918131
08790495
02682038
02945820
02175578
04160036
05169242
09968845
01707433
01302935
07676967
00042311
12745788
13187031
01059400
03956331
12411084
06441803
01643507
08718577
13268146
06102476
08305766
05073559
12059851
00695300
00134099
03108193
09957013
02854739
15118228
04877421
02296480
10092098
02657219
09606527
02771840
05317191
06685456
12679712
09338453
01630795
02221820
00531490
01295275
05512139
01583636
00068901
11890022
07693972
08730550
00005526
00759694
10067305
02429810
00940709
00592702
00418765
02376429
10657835
01086103
02644234
10781236
02600298
07327608
01794158
00941990
02828648
01108053
12880963
11349318
02622955
00702418
00043683
00269018
00476389
00594413
10995850
11873845
02533313
10093658
03895866
08663354
13148791
02054864
00049102
07251619
01478626
12685831
11720643
11641275
02281987
05159225
10943256
01990694
03850746
10170989
03072201
07404944
05077146
08879388
03285348
02321342
02505141
02256010
04622772
08966820
05834567
10386196
08342670
02282385
11607071
01198616
00148057
04694441
11627028
08851364
01297095
12152406
05120310
09057311
05642553
07453638
02713372
01707737
08772551
02236842
12023726
01730384
08760510
12149521
09271904
02337364
01607103
01169067
01298283
10682169
02994312
00945401
01457489
02409702
11890507
09466678
03281145
15137676
04581829
06759776
01190948
08984457
12906021
00381601
11988419
01787106
15219351
10169678
12855042
08194546
02548990
03454211
01257612
01497750
01953361
01817314
02275372
01888946
03545961
07573696
10063461
14541044
05721180
00478830
07190290
13347237
00291286
02011685
08229275
01957075
01818959
09252970
00736216
12680864
15277118
15297672
02596067
05912012
14488317
12573760
09250165
09064468
00730052
00112997
02835887
04645599
02270342
00484892
02183353
11827775
00866273
07290905
10512201
00740290
01021889
01118449
01471682
07409475
00835976
00554850
02751782
06502378
02137428
08997310
09346120
04050066
00111129
13140049
09790482
14173484
06621771
03788601
06213688
02606384
00537682
01182024
08793914
14651212
02186506
07722485
03616428
09683924
02961035
02250464
01584450
00066191
02434834
07702193
11678010
07750299
01211667
00096766
01039925
04611654
03289268
00079212
12600574
01771535
01755389
01695459
00055142
12701901
15025571
08842819
08349350
01744111
05555473
14519366
01474209
07388987
02134971
10995292
05804136
08855308
03569293
00336168
11713370
01077350
01962865
07129202
02554235
00385266
04910973
05483122
10285313
04077594
05451265
10786033
02215355
01628450
05521934
12759496
12901724
08190609
10344656
10404426
07569644
08967868
03536122
08215603
10643837
00572285
01965806
03431745
01518170
01830946
02583545
02126022
13659419
00765791
12605683
12648045
00635714
02618513
02488291
12582846
07670433
03519578
00467717
11720088
00933239
11805956
02730265
02752311
13252513
00378042
10000294
01982895
13084184
10909303
04209613
02732401
07187996
03354903
01858989
05703429
09751895
02502916
11950028
06778102
07110615
04134339
01832381
09117118
06665370
10813204
05068918
14895189
12358485
01177583
01395382
04679738
12847927
12279458
05769930
08318777
12078172
12682264
01041674
05951566
08740875
03753657
13530989
00527498
01477875
03563200
13906669
01816336
04090064
00020926
00431893
12592544
01300508
04359335
09295576
04644512
07000195
01622779
10069869
01104637
14723628
12654659
05282746
06428216
09114401
07026646
00522068
09837360
08369406
04686003
14706889
00825089
14287408
02677097
02302220
02286815
03896103
03450230
00480993
00562280
00426301
01062583
02431628
02021795
01522052
12913645
02512808
10692696
03113657
02051031
01334862
09778537
02707188
14656219
00228236
01476483
12622653
02243065
12158798
11923016
12063414
14807558
02299846
14369744
01472417
00630802
09029457
01851996
07032292
01819387
00999815
04449290
02620587
00979411
01652583
07524760
02435867
00637259
00659048
07409121
14413644
03351262
00910135
01389007
00090513
01679339
00252020
00069173
01938155
02574093
06713512
01946487
01538955
06260628
05545439
02295550
00972608
11947802
01720491
02310007
01653223
08695198
01655639
04737020
01789064
12779233
00132982
04738641
02067689
07664582
07163803
05636171
13085864
01814815
01804961
06767777
01017701
14483126
04764242
05823054
00510050
00331082
00001930
13287984
02636170
00772253
00016855
02385634
10181990
01824736
04558804
01552523
01698144
11735325
02446660
05611684
01183638
07122018
13996300
00370412
08976799
08777544
04272054
00863513
01094725
13929852
12587132
00426526
14042423
05665146
02261464
11946584
10397482
03057021
00204585
01025785
13720096
10930428
13253751
08065234
02738544
11608055
07452841
02060016
02012063
08941681
01824532
14485526
15160866
07655337
08810220
12001294
08735008
02212825
01929788
00698004
02039876
00211462
01587148
01343892
02010881
05725527
10344922
05529012
01127379
00895501
00910973
12435486
10612931
05774415
10488309
00669970
06478582
09027679
02808695
10709529
01755816
02704949
03485794
02450992
09281545
02685995
00784533
08706247
03502331
13743605
06266417
00368367
01158543
02660147
09018848
01383511
05553486
01405250
01014821
01450081
02758977
07961270
04833458
08824771
02037713
04442831
00679715
08473173
05675905
00574996
12852930
00518653
01828714
01062817
06989146
06678302
00866606
01275562
01868780
02789770
03214051
14952122
06382590
00949288
00612841
03240327
12956791
04660981
00137877
12760013
02497586
01518659
12761702
00878456
12395463
09302616
09086793
09722530
07517737
08013845
12518725
02922448
01570258
02730304
02333546
09335240
07050952
09821253
01786906
09031061
03213826
10673946
01982068
02403920
01729977
08679369
02520997
02355596
00639975
02062212
01106670
04652635
03775199
09815188
01714231
02003359
10864204
02511510
02000288
11428379
01509280
02270810
02220461
10230580
00177243
02451575
05618056
15286042
00004258
09505153
01837230
09147046
00278040
02663086
00315830
05389939
01844431
10228864
04417180
00348312
08775784
11964269
12711596
02354112
01231652
02649218
08133855
13304009
01673732
02573249
13279262
02871060
02322712
01044867
00592446
01871875
04240097
01740468
06634239
07193958
14794993
03069567
12231358
04946877
04205759
05967097
10328941
00602805
01999048
04411264
00080456
00343700
05921685
08194927
12638556
10660333
08410688
02166024
02120458
07275489
00698398
15065713
00147454
00698104
05585205
00606093
12454021
08049401
13532886
13216238
13331778
02039156
01566888
12068824
09339512
14417697
01647672
14110219
13537894
03116530
09918867
02205095
01067577
14321953
02064154
00226379
04661151
12668732
02720042
10365514
03730153
04010927
07257393
02191106
09860940
03274796
00915722
13919547
10483890
05266239
00432683
11456273
13777344
04475900
01463340
07686021
13509528
13697011
14777188
09201031
03817647
12687211
02145814
14040071
13698949
07814203
00416135
01206218
05544906
06709533
09540430
10655169
00912274
02372952
09013074
12904938
06321702
07769584
02743207
10716389
14853947
06027051
01320513
02770830
07749731
12257920
09861718
00512749
08500433
07710952
05717549
01799302
12761471
12723062
12249993
02544596
12704636
03571439
09544433
03510987
01174988
04078747
10286539
00189565
13913566
02553697
11540230
07173959
08344917
00095747
03994417
01060234
05642175
06724066
01241073
12905817
13763058
00266586
05406570
08573472
04241249
12436677
04892794
01670777
00374224
13899804
11770526
01009871
00510364
01162376
02489456
11358719
13967215
02622234
10387712
09683306
00091013
09124039
11628284
00408624
01928730
02548247
02670683
03848348
01637932
00799076
00094448
09591155
07226151
02185814
12708654
14896714
00935264
08142972
14624369
14904661
04577769
06718434
10753182
12591523
09702134
00577068
06350592
05963744
03077616
08540532
00304422
02824444
13180304
06341127
14665767
01448767
12987056
02974697
10175507
00885082
00869596
05549576
01421164
05543177
00433115
08211290
06489968
07500741
01804753
00511041
07331210
07939638
02327028
01143498
13664521
06964247
01570935
10761693
03793186
09322701
10463714
13752679
09264116
11349739
02918132
10759331
03828465
07138085
11252627
02748183
06311334
06883725
00312648
11970101
03755991
13095348
01585121
01605630
01753488
14547976
02185481
13468094
03530910
11882426
08249038
00900581
06066555
14486533
08511777
14488594
01144873
00229814
01833906
13555101
07975026
01485801
04678908
12770068
03964744
02017775
10412910
03051249
00616498
01502441
11011764
02068735
10729330
05453523
00057748
00154778
07739125
02383231
11707827
01656458
02782815
00786195
02525866
11784323
02137172
07491981
12694193
13723712
06271778
10253122
01782378
01742244
04473432
02045790
09068444
08766667
03443912
02321009
01958868
03963028
01070708
02714535
14989545
00151689
01732172
03202940
01774426
02209499
04528630
13176873
06771653
09217230
02097047
01527271
11076079
03791235
03584254
08838556
04208210
00285705
00757730
05028159
13144084
02603699
10454972
11937523
01918152
12670758
01336587
00128867
03880531
10697879
02391994
00123234
15096783
04246855
13383439
02571251
02638323
14420464
10516874
00201923
08809749
02416751
07713895
02457249
02257284
07172557
12348127
02603540
10336234
06718543
05698791
13631037
02215161
00667246
00365513
08524572
08912427
06403393
00702202
14291561
10828990
13517843
11325534
02533748
02383440
03070396
11819509
10626994
00682592
11740414
06437824
02622823
01702514
00264529
01103180
00709205
02737183
02640226
08548733
13086908
02426813
10442232
10088200
12602850
00631737
07705711
01383646
05787005
09398533
05706629
06043075
10386618
03177349
03990834
12014085
09960688
13198054
04097256
13118707
13870414
01645278
10871756
00650932
06567400
00981944
12807251
10458111
00649887
14758842
13481883
12455342
13983807
15092227
00120316
09862345
07387509
01468532
00303661
09114020
12697514
02291572
04848262
01058574
02656390
01336159
12125890
05008943
01064758
01884834
11529603
08647457
13548734
14575399
05245906
00409869
11777929
00249852
08014202
00882159
01933834
10834176
13980845
15015501
12837259
14064044
02716205
00026941
00288563
03483316
00315956
00332154
08216900
10711144
08889191
05629682
09419281
13630213
02807260
01650690
07386920
03065516
10058411
02584004
02658531
10685123
01593763
11975100
06960566
10495421
05307773
01880673
00850501
06379568
10325656
01578341
07590611
02700422
00468480
02944327
01161695
05771836
10612373
12445848
14560612
05769314
03023175
01800422
05605192
12152532
09587565
06066072
11803475
13050940
05219923
11072396
11524662
01543632
12852726
14477342
10912243
00747135
12314652
00482180
09973422
06793231
10150794
10106752
13071029
01036778
01190840
02270648
05127782
00207434
00356790
00318035
03869222
06485261
03304730
01517175
01295373
02039171
12443929
06264398
02116322
13238828
01876180
03515934
00121046
12858150
05830059
13282007
02227362
02397637
07128946
02339171
11737534
13727209
01549420
00804139
02652979
05636048
15267536
08912703
02302817
01078086
08879197
02629410
03588668
01823912
10105462
02204084
14421724
00284101
09173288
01408383
12515925
09036452
06750804
11714150
11804082
00456199
10282482
13062112
01186192
09029884
09538021
01147060
11938732
00143589
11376069
02519686
11693566
06607809
00903668
02764044
02369012
13019017
04526520
02277448
10162354
02262601
01475831
06556481
02290521
02490219
02465929
03990474
00896526
08956461
07572353
01141612
00677174
00821580
05200169
07450549
01214746
01465218
07514968
07144416
06507941
10520804
07066459
04353189
07676855
06826589
01342124
00991385
03694490
00689062
01385330
10101427
00297062
02300549
01903935
05081434
12984802
06526291
10699262
05061345
04744645
14089719
02235321
01328702
02196896
02305929
02182796
02653651
08108627
12082980
05305806
00697923
01099436
06726939
11975658
01964441
04961691
08923884
05595083
00976365
03297735
08916316
06407733
08098346
09093608
00628302
00249780
00669243
00927578
05510173
05018103
10235549
06563950
08787695
01673503
11571907
12715914
14436875
13437181
09890296
01975912
01922895
12799580
00189511
02419773
01454856
13039870
08115204
02805111
04065464
02673637
03111899
07817315
09645091
00165942
02544191
00665679
01664065
02247749
02589576
00400883
00550282
05662532
04506289
01623425
03036341
01051331
02040698
06374587
10209246
02619165
01897991
07155661
12792638
05600431
00656643
00052334
09155986
01889328
01022064
12778219
01393873
02248147
10592397
07196682
09804343
11663449
04886881
08342039
05752544
00737070
07194293
04039381
10951459
11774513
06708007
08401554
09850974
02669477
01961862
06824757
09094217
02921884
08510169
02033041
01084466
05964098
01543383
11775160
01048492
10461747
10495555
08057816
00342640
00948206
02037839
00597728
02336129
13487409
08241798
02418686
07648267
09365128
00660102
11790239
02135389
00714718
03366721
02287204
06345131
00778275
14777441
02716165
00527872
01543508
09913824
03446070
02431976
01853542
01852892
02575082
00068740
11598991
01382086
01735475
00304662
01103836
00240184
00570003
14746048
01248782
11182621
11680032
01653442
09262082
08113443
01648356
01463792
11921949
07765999
04157320
11878101
06467445
11718911
08616311
04159354
04580493
00088713
04992163
00509846
10836725
05010627
03690005
00902652
04082344
04284002
05140793
02556014
01290997
01321509
01177033
01913363
00179311
02079851
09049599
10067011
00837288
03759795
04940964
14688234
01908287
02532595
00847770
00226618
02642430
09066017
06037666
01126856
10808200
01952750
12025507
13140993
07182485
02690941
01538469
01276192
10308275
02264591
08339706
05907682
02970534
13266892
01860497
12249821
09911051
06057539
07315631
12096395
01240432
02012715
01035853
01049737
09459557
11013876
03236217
01783706
07516354
04374735
02468261
00806314
04013993
00443670
00516086
03856148
13856574
02497062
01805692
03050655
02465414
02470451
11916467
01689752
11797722
05784560
02331479
12857779
05404728
01073822
06300632
01359432
00341560
06928430
00450700
00396029
00222485
11287964
01568493
14761806
02067240
05842387
00279465
00702226
09634494
03372656
10682501
04285146
14795432
02019011
00230324
01835584
12842105
05492426
09286630
13815742
02138921
12778605
02720725
03172965
02690708
06599655
09786922
12550968
14816899
09627906
01742726
11189274
01377906
02664511
02032222
07437990
00284409
00795863
02497400
07176243
02208903
06704740
01323781
03836451
12600888
03681477
01406262
07201804
00754767
01089737
01965156
09930876
08858942
04636610
02508742
13615557
00764436
01708332
12655351
04577293
06609672
09765278
00645241
09824609
06183899
13125117
01904182
00856860
10293332
02205896
12704041
12366186
13734992
12360108
02719450
11928858
03664943
07212190
10413834
01113806
15147097
13028611
10640968
00774932
00622584
01235769
07550666
00834198
10351874
14515633
06561138
02422860
12430198
05537806
03490884
00407848
06394564
11453016
02225959
12477747
01979462
15007534
04166841
00571609
01885498
14530061
08107499
02644622
08140767
01951107
01414502
12816508
07916970
00406612
00369138
11993932
02286089
03314608
04159545
09402704
01623489
13966925
13108131
00691944
07184149
02442845
02376089
08244747
00661480
01115411
02219094
04429169
01311103
12642964
08056231
00503237
12418680
08320385
09166304
06369829
11603045
00169458
05604950
04292572
10495975
00965895
14553290
02735897
06674188
07813717
01172114
02541138
02022135
01881034
07314277
00211396
09077111
13493213
00436404
04244997
05518870
01426160
15078050
02478059
01123765
05542893
09272927
12934368
00534849
02931417
00378985
00808162
00636888
00409281
08977948
07524529
11683105
00746479
00670105
00004605
10322957
12056217
05243879
00225786
00570590
01524871
13635108
05789808
01109467
00823884
10327987
08439955
13538314
07969695
00102303
00081836
02471203
15283097
00597385
00100551
11601487
11999656
01149480
00065791
07483782
01521980
00006032
08367100
08789243
00605246
02742842
08955082
00684645
01102997
04423288
06546408
00981544
02659478
06252138
06378298
00056930
13386614
00448680
06879180
02665282
06743230
11701903
02724026
08854725
11436283
02215001
14798039
01442855
13503908
04162706
04845312
06934389
14545353
05696020
09783369
09194710
09884666
00302464
00878136
12371002
13270373
06518719
03498316
05062748
03475823
04872236
01927301
09034550
03936895
07162680
07962707
05480794
13994806
09966470
08082236
12345136
02539788
13067532
04170037
08098708
01174251
13951215
03490449
02242049
05765159
00771133
13724977
01539925
02265560
03475118
13543418
08139637
03699396
00691834
13727478
06468123
06769670
08766988
08513163
00264776
03997027
13233012
04982478
09758424
03240140
00374063
08596076
00449692
14490319
04562122
08419033
03428805
12737251
12545635
01395885
11226427
01788730
04443257
00727143
04467665
02587895
03785142
09135447
01261712
07038400
14535905
05219561
08373244
14849367
15256714
02722663
08509442
06367879
03824381
00337065
10151570
02706373
03960950
06900684
07504111
00901799
03383948
10393909
12678794
03585073
07492516
08012028
05455690
00612114
00819163
01212230
04807971
01712008
02740204
11820463
13863186
04770211
15183802
08146593
00813978
14777523
10198958
05764197
01752316
12689808
00562303
02554922
12290116
02291708
08898187
02616397
00090888
14313440
11909048
12077732
00700000
00007549
01779340
00252662
11641788
04120339
04552348
12156819
05265417
00177783
11444816
02187510
03651947
10551576
07991364
02678528
02221240
13052431
04766852
00094001
01644104
01235463
01797180
02581073
02306672
10948117
02116959
13179216
01672753
00127531
01306358
12692714
13139647
02651193
00331102
09166902
09639382
00590806
01960911
09843824
07986066
06929742
00939857
12323820
06166748
00313987
00425090
00296178
05632272
10022111
05920791
09147737
10041373
00360143
01747717
02182479
01546039
04733347
08983274
10418841
14419164
01509079
09157163
10350896
02726717
02471467
01097960
01347583
09748239
01977684
12203699
07285403
02199352
04407686
02524171
12250708
00759501
06060845
05778131
04677716
14252320
10121246
00056912
12507379
09863238
00364479
00234988
02339413
00215683
04975122
02188699
00040325
01763643
14991319
07249336
02717831
00574218
07154330
08646902
00820721
03102371
08748499
08305942
10245639
07455301
00908909
09453008
10756641
00788632
13894434
00937879
06514621
07795598
08517449
10236521
01879701
01939174
13409160
03980178
02729182
00847340
07311115
14048309
01359917
01032127
04083942
09063259
00507664
01037910
13487207
02043999
01007354
00296585
01566705
10765305
03139089
06746005
12549192
14745635
12784543
02616627
05119714
00860011
11791155
07168131
06938887
01196364
02724417
14910581
00780615
00226566
02002591
01827745
06793426
00519751
14350292
07809368
08021129
07518468
01014609
06838005
12854600
04063868
01323599
05476915
09150662
03920989
01550172
05554189
15060131
02877513
10055847
02663340
09350922
00703512
12417273
09157766
09493562
10417682
04872958
01119421
08580583
09874260
14114555
04007239
00498988
01315613
04613015
02036339
05556943
00640828
01769220
03065424
13109733
08507109
10421470
12952022
11739978
10431122
01013770
01760143
01258091
05892651
05274105
11531090
03859000
05062370
04675314
02036053
02296150
01041111
06050024
06429316
02192388
01610101
08102402
01530098
08983742
12025220
05372125
08727806
04502851
04662951
14331873
01311378
04802776
12554242
10978098
00379280
00384055
04693900
08518940
00386566
09103377
06984953
05934123
02367032
14498404
09042322
01045073
09616573
02196761
02106761
12931542
13552270
11990167
08940209
10733350
10731848
12303462
05803379
12379781
01441510
11794519
01259951
02992032
00658052
14047171
13221529
01758308
00390560
09113207
00706243
14593874
06114578
02229156
07813107
09701603
13617630
11683331
01160729
01014362
01128655
04838510
08881674
08797254
00036580
01775062
01742680
00934965
14168176
08875547
06816935
00161225
06759974
07048000
07269916
09693372
12929783
11700864
00772813
01897667
13822995
10009484
14839322
00283911
02689882
02579557
02394662
00649760
01153486
00966504
10256080
05988282
00877127
01847845
00831651
11065345
02208498
05712426
02062991
07817871
05493992
08644722
01200806
00800940
02353861
12666159
00961329
06095022
01216515
00095502
00163406
01710317
02378415
10222497
10580535
12845413
06078088
07536870
00857664
11940750
05152696
02593863
11153200
09451517
01560511
06605897
14105737
00836788
07202391
13282550
04859449
09195372
05729036
12940226
07355194
01500854
01350226
00282523
02185988
14906500
11132948
02208143
00201671
00131018
11506349
12767951
06224439
12903250
06838975
07104574
00833870
09143649
02184881
00933821
13062272
00595894
01411085
00527695
01079042
06503224
12913791
02224466
07286799
02300173
05940414
06730563
00286360
11620248
00337903
02397377
01413744
00648977
01686132
11459369
14257779
01123095
02758753
07407777
10754578
07781972
10437698
00233203
07336214
10411551
01230710
01736796
02157557
00283568
00618734
10224578
05526957
00561571
12199790
02529111
05068716
02219901
12256112
02795169
10001058
02935017
00701576
08129268
14462946
10210648
02151625
01180351
11768505
03439491
05985602
05204004
10518194
07812662
11653323
01901783
01284124
05016753
09860506
04995211
03200701
11441561
01722828
04093625
01944252
07353376
03051540
10334101
08348815
09167652
00136329
07355887
08244346
02561108
04295081
07804152
02842008
02121048
13260510
00442063
09900499
02182662
06228549
13019202
08848731
13906767
09841515
04139859
08161591
03291551
07251003
11261483
07176962
02507337
12974457
09830400
04421872
01126961
04517823
01391933
12341542
06709998
00181781
00514871
12350433
00183505
11794791
02064887
13313733
02330967
12614477
06945679
04988478
05472032
10538272
12164881
00379754
02325558
02295082
02719588
13151820
07487063
08903487
05007280
01876667
08845555
03424630
12655062
09856671
02700767
09238674
03319745
01647803
10508710
02545569
08493064
04524594
02288295
08426461
10242328
00914769
01209576
08804154
06196284
13018579
00916011
12586298
00932088
09637339
06275353
08803883
04842993
08989031
00121166
01966168
14661020
04984514
09730533
12093885
00607775
03648804
12617739
11499284
00942234
07744811
12153393
05237227
12289433
01054545
00006697
05278152
03974671
06575932
15250691
00357906
00136048
09411430
08642517
10590977
00505151
14110411
00329819
08237699
10100124
10929886
02895881
11972569
10786992
15187619
12593826
03067912
00739536
12633994
07435273
14001728
01729133
13577171
02009280
03769881
11656974
04818700
14422488
02373601
00855794
01327028
09062015
02017878
02349980
06578323
08161757
01222859
13556509
10336904
06482401
06498569
01425892
02150510
12070950
03996145
01730812
00428583
04392764
12851673
10712229
01030397
11722342
12951465
01236296
08633957
00671335
11773628
10294139
04571088
01891638
01749184
01706756
04203514
02123672
09714120
01348174
00117959
02199590
09839167
07797913
01635343
01370590
00217152
02106966
04240576
14492953
15169421
14997012
01320872
00538571
00833199
12647560
02774630
03918737
01786402
04863969
00999787
01949195
11787625
07580053
05094725
01678522
04256520
07204911
01947266
08341798
00456151
00991151
00017674
00650016
02399399
03161725
02551144
12700357
11450566
02026785
01935176
06875697
02366105
08648658
01044084
14853210
02641463
05818741
04616059
11790788
13601370
02799593
04131015
13783816
00397576
07890068
02817339
06716796
04268142
11852531
14447525
02614945
01819147
02129289
01825671
00700336
07219751
06449620
03541091
02604657
12725940
09706396
00205885
14222112
12125782
08124256
04889162
02165877
01944466
04814238
01744888
05327134
00636461
13850304
11953884
07161429
12049282
01107806
02513560
02627292
06200178
03200357
02602970
11630017
12991645
06128024
01173405
00523513
10576316
02293352
14415773
02936714
01746063
00342314
05871362
12876684
01296474
03760310
08984010
11987956
10278128
01329141
07638676
04904664
00379422
13858045
12118661
01821418
01679106
04952120
09904837
08785958
08770274
14830364
04916342
11830906
01613921
12732009
02003037
03947111
03407122
01377032
03353616
12336092
01693995
04325409
15274695
01250908
01618922
09622745
15231765
02561661
02687821
12445138
13189656
02356704
12674120
13052931
07871940
06300823
07999699
00200397
00898691
02516427
05953614
03976960
01732270
03257343
00322634
11748936
13895362
02713992
13184492
04713118
01473806
00090386
01129876
13989627
10691600
02218713
10394141
04941942
06827503
04447861
02526121
08819223
02447366
02822055
00716531
04538878
14064408
07764486
12524188
09137869
01424456
12530818
01853072
14371161
14821590
14425715
02243351
08754529
11848610
07200527
08755436
01555809
05099796
02692686
00139586
01115162
00829918
07296428
12266796
06867675
03264136
09095751
00284958
02948557
05397178
08152657
12636224
01246095
11228039
08916111
07512848
00817680
02801525
12653056
01933204
03209666
00251064
08495617
01477184
13742980
03970363
01098968
02373093
13609507
09711132
13315077
02988486
04407007
01321579
12939874
12678224
13925550
08594286
06816106
06048184
12569233
00863579
10346198
00165244
01930112
02354320
13660178
09133500
01526290
02881193
02262139
10632576
05955323
05957428
04461696
02451951
01978930
00622204
10240921
10104209
06820212
05073131
02235229
12028196
05705355
09920901
13559782
11881189
11485367
10487182
11331669
06798336
02730135
08970064
08271042
09382990
11958742
03635668
12234513
12680652
02220225
03870672
04907269
07537068
09927451
09387222
13536016
05294606
02651617
06448594
10959857
02007898
00573671
13150741
08923348
10472447
00350461
05876469
09434661
00728617
01417807
04360501
07372779
11824548
10873059
04598965
04244615
13655262
09172480
10452260
08304135
11098223
07125096
12560016
10297655
06314808
01976089
09928845
03783017
08400965
10548537
01801753
00947923
00614829
07358985
02995998
01163779
06436717
12615232
00534152
01109687
13810323
00852181
02659541
14542320
15009637
09833896
08749864
01881171
00828779
13721003
01891092
03600977
01535310
00032823
06694796
00994449
00050195
05300231
08508105
01181475
08101085
03054901
01549314
07552252
13516176
13919685
04991511
01615458
01634734
09428293
00511817
07001065
10270232
06243347
14198576
01354405
09886540
01829747
06543781
00923307
02612982
02228031
12220994
04100174
06880249
13728499
07189411
04157099
00441212
03196324
14980215
01736669
04751305
04687119
02158066
04570815
09241047
05499172
12190410
10275249
06705984
08564739
15122231
10635275
01579410
01051082
05623628
12750767
04537919
09196103
03787904
01225027
08514034
12260021
12695760
07150644
14524198
04037625
04016576
06838543
00779601
13916603
08835875
00475996
14482620
03691128
00362355
02462580
02128925
04912240
08651247
11154646
04924103
05373790
08643015
02418872
12690240
12399784
10249270
06453324
02053720
07704755
00085219
04524313
00703310
02523110
02523351
01685601
15233047
02005778
09748889
01368597
15183428
10747294
00226107
10689104
00963452
01974399
13854101
09478355
01369663
12205694
12897493
14696793
10062996
01904120
02120715
00669481
10610333
02408217
12033939
09480699
12660601
14186738
05774614
13145250
04959567
13179972
04383130
04147495
00912001
07360293
07407970
01882689
01232298
01500082
06451891
00800750
04487081
10184081
02814860
02089984
00318816
07647870
00552312
02342885
14408951
11643835
01139380
09961999
02529772
13312754
09102016
02627221
00979667
05259512
12341126
01382083
08904392
00446695
02991122
12957298
05960464
13247554
00928947
08068151
02557909
12094244
08805565
01749428
13881381
02662081
06737394
11895980
03845190
01838326
13887509
02544960
09356080
14036735
04347754
01866192
07548978
02320888
14439745
06427831
07557434
10404998
01483522
00069879
10465248
04830343
11499817
01150200
12398682
02399648
04916200
12357968
00995838
01406904
01893771
01885367
04595762
00826333
07444668
00076196
00858341
01997119
09666622
09638875
13107891
14706026
12816359
00645493
01277540
08504851
02594102
02782778
01624321
02632940
03453809
05513529
05535095
02154416
04683600
14845743
01244516
11669335
07786856
00306723
01923909
01401854
10113583
01886407
05234737
03427202
02298471
14446878
01476829
03512911
00138221
02297635
11861021
12560282
12699778
00157957
02026629
08856475
10455447
01604696
01095753
10824710
02951843
00186634
00968155
03500557
03761845
01861465
00745005
07672914
03665924
01489161
14505821
08270662
04486445
03043274
11664929
00736219
10375506
01502762
00105164
14806333
01688271
11944569
02345272
04197391
02298998
00771961
14358335
04550676
02633555
00190180
04021798
00456596
03333349
01810132
14499262
11862300
00255600
13722522
00604811
01004550
10925939
03643907
00431117
03420440
03961939
00029677
00203866
12108871
00272391
06325826
11952346
02554422
05927813
00841901
10440580
02130300
01813088
02383380
05699434
06506603
01049685
05395098
12800832
02234848
00859153
02146526
09848285
00290125
01489989
02395694
01589056
12694707
00043116
09129442
00937208
14166118
04642258
13593219
11764478
08806897
11786365
01347199
12136206
04664964
00923321
00227667
06926458
14774699
08192817
00788184
07137129
10161695
05846355
09112857
07803895
02062632
04641153
08846885
01926031
05279026
12243459
09922799
04033287
05303402
09669631
01746839
11538123
02132974
07376937
09755398
00596644
01221790
00332445
09772930
13660337
13504739
15266911
10792178
07478874
00573085
05531161
06636524
00266197
00338736
05796423
02407390
02520015
13471517
08494987
14577469
03724417
10526300
01667969
04711031
08827126
05943066
09423379
05751173
01940403
10156629
03778600
13994456
08995515
03158885
05731568
06584536
01146793
00390735
14160365
05488385
01538630
01596056
13534954
15213774
10321882
00509206
05591256
01769635
06437308
09936892
03899612
07784810
13992738
04996355
00450335
01438208
14060688
01125084
05563266
06177450
08006094
01727684
04801313
00982514
01473886
00514128
00914061
09269972
00676135
03556811
01567888
00437321
01249294
00139729
02375131
05434557
09228928
00222472
08612786
07011209
12853080
10607478
08208016
03931044
01969601
01670315
06349030
11320405
06860826
01420928
00591115
03968728
13902048
11473138
01418947
10298647
02568672
07394814
01163083
02340930
10588357
11891395
00753472
01309143
02148835
13395074
05593871
10004539
07439570
03616763
07357679
02837134
08731057
11762706
14828511
01978576
11159418
02317212
10716005
04992834
14171492
05963494
00230746
02229023
13617952
04081844
05468523
10308066
04175380
07188385
00353469
10078131
02752277
05055278
07915618
13291614
02714883
02222718
01670172
12065777
00368109
07966927
14133543
14075199
15051129
04680027
00860136
10609198
12095020
02756098
12772081
01201021
00800121
01179155
01196524
13192025
00342980
00777931
12332218
01398212
09678009
05783041
06496862
05798569
08595054
15142167
02083615
11991263
03891664
00724081
10423589
07143137
12945366
01459896
08540903
02422561
10807317
02591736
01954559
00895304
11270577
05569053
14682642
12536040
06836822
01116466
01522594
14055623
00642379
07775905
14006179
00212049
06397903
02431320
05905802
07479799
10584318
15062955
04998966
00614224
08229694
00371264
07583197
10555679
10893606
03662452
11854479
03370020
01810447
00820976
09021503
00276601
01672950
01455141
06404582
10770891
08966408
01542316
02630052
09091909
01340522
01586170
02739121
03085333
00280586
02383842
01286038
04079244
08356375
01771624
05573895
10400998
01640850
13632461
12731401
01931984
08036849
12835578
00890941
04898208
02081571
00146572
00618451
07679356
11432887
07905770
08045428
08924913
05308310
09641226
08524021
03202760
01699539
00981369
14158997
00889740
10304383
00184117
08615149
00346991
09531630
07818689
11902595
11472503
01769789
14440623
01381549
09836160
06937768
02056880
05716577
01648494
11616662
13004160
12849717
14466432
10071332
12422751
01762528
02881757
01217306
00352826
02600135
08801546
09726621
02231052
05722208
00147595
14635722
01681913
08946715
01608086
01077881
06542830
14164190
14136187
04969798
07555863
11717820
10043643
01484097
02395003
00908351
05951969
03869389
06460295
04831727
02158739
12706240
00282840
02532602
12976672
07734555
04922787
01061203
11471097
10204177
13372123
12462951
02249365
03127925
05410315
02263038
08056873
08034579
01165579
02566489
02261256
02124332
01641391
02727462
11695485
15151255
03124700
14409718
12242287
08698126
05515287
01926090
02558172
15021085
05661996
02575590
00542841
01850192
03537550
01215421
00248659
06434368
01488555
01071474
06448868
00950670
00116687
06248043
11821415
11968704
02860239
01954341
07035870
09608002
02540670
01945516
00156276
02304648
11624531
07491286
08835675
12938897
13375604
00744070
02274822
13393762
10791221
01002297
12550408
00560893
05634219
00504019
01045091
12786684
01541386
01781274
06433475
13183874
05705722
15235126
00596081
13060689
12636107
04336034
09074140
02112029
07350401
07450055
13010219
12397210
12438324
00385385
07793260
05246796
01820190
00600724
07450842
07181043
01463739
01927456
13204102
02963159
02838728
02446819
13226135
00273963
09882007
06761798
05492259
10028765
05432736
13012030
03109350
00237259
02914991
07375635
05261404
05952979
10320863
02410509
13055009
01222666
01227235
07803310
00588797
13046512
10650162
12709901
13237343
14951229
02980625
04846533
14774894
00255079
07289956
03575691
04020617
07994331
01380638
02052358
00330160
12696492
01533442
06857591
09876892
01075164
01713348
07941945
14631871
08808614
02028366
00463246
12593122
15056541
08027314
00083124
15217674
00475787
02332755
13520981
14747168
05773049
10652511
07956721
09935233
00282076
02130524
14810704
00421691
07457126
06346681
02583139
00058002
02261184
11888800
03176763
14023491
04263614
04027367
14631295
14152617
01835276
10695917
09884391
12141495
07848338
03993403
01176219
01471954
01324305
00532115
07137950
02409941
02610845
02518178
03394480
10158756
12501745
09009490
12426100
01468712
04905188
09954879
09498497
04807776
10149436
13911151
15084824
00656576
03024882
08509786
00707322
05651399
14379703
07525555
02276527
09868157
11404666
12968658
00001740
02539359
12862312
01738597
01946996
02678663
00720808
00264875
03965456
01794523
01751979
00372448
12060118
13888491
02390287
01882125
04859177
02449183
14442361
02006834
00159368
00064370
06481156
04151940
09760913
02758399
10345100
09028477
01746605
02378623
04163364
00150202
11894558
11016563
12272432
02144835
00048633
00808671
06466787
07926642
01916010
08810999
02080934
11359187
02100236
07142365
06051134
14481080
00424934
04100620
01497878
10516294
06024230
00396825
13305510
13061704
00085046
11771924
12268246
07625493
03338821
06088995
00605498
09273291
15223574
01571744
12760875
00389638
00860292
04780755
01802494
05603160
04814025
12583126
02389927
00340989
04782116
02048242
01398941
02297948
11639609
02074377
09753498
09997404
15077571
00745499
12484612
00898518
12736840
12240335
06353934
09536789
06000400
00742149
13484644
08214272
02831724
12498928
04692638
07745661
11147348
02766044
09983889
01656576
00419685
09348460
00727573
00262703
01825278
04555897
07362386
00751389
12926316
04345288
04604009
01840412
00893167
04751098
00024264
01538775
09773076
01087197
08640531
13323988
00712135
01325060
00940214
09310616
12255934
03781244
03351434
12874996
13989051
02244619
13754293
02516255
01172598
00911350
08935212
12967281
02080783
04898437
06159473
08619620
10972495
08436562
02047263
07494363
01118614
00918746
12639910
08395682
04898087
13746946
13627681
01674717
00206927
09911570
02040709
00336922
00393369
10702307
00445351
08951777
04840981
12411461
03852031
02337699
00913065
04975988
07827130
14000403
02081423
12386724
02391803
09807075
05241827
12090041
12195965
14320394
09488711
09366317
08256968
13083586
02177976
14856893
00569087
01479643
00197772
01915730
02305245
05176188
08846135
01381044
09850642
00033599
10626194
09958892
12126238
00730301
02142775
14518924
04012260
05630409
00944548
07529563
02722458
15034074
00639693
01321002
04050600
14543231
02317970
02227119
03265479
00842281
10470779
15160418
07726230
10310903
07773700
07755089
00239614
01667132
15248564
00240810
12505563
13694367
03492250
02373578
14026592
02153253
11991993
09997212
12539306
03120029
07481785
01935476
07414922
05651971
09321694
00629597
02225342
02034394
04509592
01228102
15122011
10672662
08193448
04613158
00500834
02359690
01727646
06394865
09238425
03724756
13148019
02738741
08701942
01705247
12371439
02272373
00710005
03335600
12408280
12159055
07977870
12729315
02981759
07713074
09618760
00059989
01246541
02787772
02919100
03999280
07353716
08567235
14425103
01374582
01719403
09953965
10664340
05020358
12700219
00700896
13273550
01922576
02082498
07154243
13474858
02093610
00572186
05003423
09733028
02259829
13151265
11938261
02339376
15129572
05799212
06410904
02550868
02673134
02393086
01875295
02643740
03396311
10148305
09327881
04391838
03845360
11796744
02303585
00981276
04404412
02662297
03159640
00648764
02492240
10334782
04306847
09802445
03553248
13463255
00331531
11290984
05331812
13973059
08190754
12485523
01450281
10825180
02230247
06177033
07327013
00351406
10607933
06633896
11743570
00196364
13920835
06744154
00354583
01145359
14129999
05829342
08285896
13634615
00747519
08588916
00722848
03815482
06373991
02466496
08798382
00866505
02380009
00812298
01774799
00177578
09541125
07301543
09431569
08984567
00605349
00601822
09978889
09982152
08139795
07093489
01678685
01367266
00034574
01397707
03379828
09165294
08227214
06799897
07123710
00651991
02656550
09477567
08378555
08957381
01447257
04502670
04964287
10746799
11858077
02009620
01687569
00749232
00508952
01787835
14080836
15115926
02041085
03221720
13621190
09117351
11540439
01449980
12166312
03812541
03288225
04953186
04293119
06698252
01606736
03096960
00201407
12328398
13907415
05929887
00697589
02018524
11842204
05527848
10245863
07215568
10003120
00340463
01707895
15268239
12803226
02348788
11789796
12486397
01259005
11333237
10237196
01146768
04326084
00797430
03711145
10754449
11714618
00594260
04544979
10456138
07127563
01619675
01227691
06478734
12530208
02710766
04005340
13802920
02198014
03739518
11161412
05708818
06602472
03519081
02478701
09449949
05745098
02999757
07994941
02969323
13283764
05659365
12349916
08579780
06887726
01822423
10122645
10363149
00132219
02543607
10315837
04096733
01224031
05646535
10039391
10262183
11699915
13620154
00488617
00723545
00547022
01938850
12150447
00549610
00745431
03936269
06964901
13239471
00750532
09382362
00592795
09850121
03764822
11883137
00343600
14638041
05037813
01447868
01907495
01782209
01920735
00315810
01458228
01144716
11470348
02023341
09033936
01871406
02080022
01363719
00465634
00224260
08809596
09083659
10906048
12768369
04028472
02003601
08522518
04586761
02179279
05341206
14814616
02764614
05906554
05187446
12843557
08555883
01416585
08430568
08042183
01587406
02051213
01641914
02153709
01745536
00190115
01270589
00134574
03437581
08173289
08735564
02183442
13564910
09945021
06331803
00198793
01679980
07743224
02855793
01051364
01635176
12803754
10060352
06107083
01331348
12475242
11618525
02055658
07157273
02549989
01013856
04447028
01202184
06340838
01223616
00388210
05247804
08727230
02496210
00347918
13025421
00612612
01195584
12060380
00160532
01960105
00142665
00846509
02414710
04760024
13456071
00506299
03206405
12006081
10480730
12638753
02059916
13557158
07529377
02641063
03528761
12965463
15088440
02441326
02111626
12906926
01338908
00653388
00930868
01690703
02196119
00530018
09208702
09003284
13590598
11649597
01302019
10426454
02188065
03763727
05035353
09875979
01820302
03040587
03088580
02838592
12012253
00358931
15139130
09892831
02756821
09356781
01920582
00128638
10580030
04216106
01630533
07715561
00043411
01526521
02409202
02333358
05323723
01350971
01052248
06750154
05046659
13446197
15071684
06428646
07341038
14902733
10355142
11415608
12902021
12097927
12357100
13296270
03376159
04356595
09828600
01035199
10474645
12904148
03530803
01665081
11600900
03847823
12069821
07643981
05678932
02524202
00816556
15253139
07324380
02198423
00654015
12402596
05513807
09055906
02265471
07986198
02637202
03146846
02128066
13192898
13573666
01185611
01280808
00282953
00376715
13725588
05650820
15167906
08254195
03484083
12861751
02625339
02283716
03582305
08366202
04496173
02619409
12609128
07407272
03446268
00136991
01877407
00552253
07746910
09051235
01734808
03343047
10886222
08438533
00848282
06372095
03819595
01558149
07126734
02511633
09815076
06254239
04960582
12520864
06776783
02064338
01205459
15009843
00704690
01589582
12747563
00693679
14793533
07236077
11846582
05486510
02370806
00506658
02139199
05850823
11089669
00408448
02482820
02032415
01386906
01841079
04201733
12782108
02266050
07540081
02204585
14709265
06917926
02952275
08391021
00970645
13342987
00941140
01168569
15178417
01884126
00589769
07277158
03807052
12100382
11194062
01386433
04594489
06269130
10101634
05895138
01668257
05345581
11927616
11773138
09105821
01979738
04857738
01402600
10039663
05721990
12046251
06335532
02571810
13144303
11870212
00308534
13546416
14408646
07672135
07654886
08057460
02818254
11676500
10205457
01587713
02550296
01103159
01260291
04561734
02189714
02169974
03648219
03046921
10339966
02603424
06639674
07404584
04621963
03772417
00575657
13052670
05885622
00548802
11828113
00545557
15182189
07435891
06966310
00207761
08857529
07405893
03180504
03000247
00654234
11427067
00940412
00225150
01543998
00474994
10915025
10511425
14601829
02260623
04357314
06250597
01798100
08016035
12970379
08752814
04631700
06548498
14376188
02663211
10379376
09976917
00220869
06889330
00286957
05260533
11677259
05235607
14863521
12204175
06778925
02026498
09153710
11543602
11697560
08023843
00320852
00676450
06489190
06649915
10501203
02701775
10169937
12869478
03148920
01932834
13096863
02403003
01523656
11704401
12480677
11973341
02576110
07346057
04260934
08372190
12532564
00530442
12607456
02539334
00108303
03776460
08187837
01675245
01644900
12854443
00680485
00796588
09921034
12321669
04951373
13805734
01667570
01655116
14480420
02340897
08066763
01338685
00246217
12099803
05551711
08012384
02257536
15031073
05639651
03105810
00519854
08915017
12233759
02571901
12731029
01716227
12449296
00227003
11892637
01793988
12282527
14649197
11088346
09187923
02271570
08344301
07375781
02155248
13629482
03976467
14916185
01487718
04472726
02733524
02535909
11980577
10132145
00310666
02042342
01253379
09668729
02432530
12496949
00087152
09168707
01233387
01635964
00682080
11100139
01739545
10480253
15168790
11656771
13896100
03838160
12662654
00788821
08970611
01293167
04703698
12125183
08132046
08514592
10071139
05854150
07978924
08800676
08583095
00204022
02053279
02160552
12018760
15163157
10471948
01178565
06480506
08088472
01021579
01666002
01761533
13525549
00049309
04898334
12166424
00858781
09988703
01472939
02118379
12181147
12010188
06999802
12317763
02928066
08887013
12914193
12926689
03525252
02034129
00167824
00437788
07577772
02672371
08945529
01073241
11792155
02352538
05984584
03492717
12940609
08160276
02138042
08293982
10635788
02875499
02513742
00213794
02227966
00138217
02132745
08988216
01153762
05861855
02652590
08405124
00540235
15299367
06406317
01392380
12511046
08175233
02006656
01853069
02430929
08994540
06214580
06364149
12818742
07611358
05869857
00101956
07047505
01317064
01738175
02620466
11939887
02394822
03859717
00903711
05539138
08148067
07929519
02792903
08628921
04474466
10034020
02750432
07125523
11517494
09365730
07533257
13928388
01573483
10670668
05835747
02055267
02161944
07367708
00058265
09552681
07341860
06573020
09923673
02671062
05489640
05870916
08472335
08727945
07015510
04630689
12456845
05299178
14024882
14456752
00430625
10272171
07266178
00419908
12731202
02168699
15120823
07743902
00419644
09756195
09929298
00558630
11898079
14857151
02293135
02046045
09585434
05580416
01736256
03822951
00035758
01704236
12302565
14675356
12429942
02131279
09825413
01109087
00642098
01128390
14980784
00907657
04759849
02703539
09876701
03792782
04390977
01599919
00606006
05232691
08801364
00391417
10287213
08982587
02580237
00714884
03432129
07155081
06014435
10637038
12133870
01607716
01859325
08253640
07007684
02273545
10111358
01193721
01931845
05411571
02718259
01626134
05793210
02027411
00411792
09108164
05202284
07697100
00479598
01400044
01258828
00134472
13129165
05690684
02274516
08765069
02851001
08679972
14943580
14796073
00883635
01959927
05084201
01673472
00645415
12794367
00734054
04900947
15197658
10480583
00040804
10025487
01944812
12888733
01183031
08975902
01236173
07606278
09367203
02641957
03689157
13155899
00179486
06679457
10219121
00077981
11220461
09829798
13855627
12164363
00662681
01129532
00508091
01255935
10191192
02768702
01150981
12402840
04703235
03579137
05464104
01279015
09692915
10316527
01958346
06270879
12237486
06455138
00492706
10640620
01517565
10819755
09136182
01648139
00765081
00875671
01931398
08894456
06944156
12446200
11843709
07340249
00487748
15242209
09708648
12796385
02484322
01319467
01055266
05944958
10594408
08136767
00324560
12580457
12943443
13760316
07812184
05949937
01683422
03387323
10618685
14297870
09771664
00841125
01140471
01980766
13475538
02362721
09794917
10108089
04672355
13499165
02459001
04243142
00749574
09441725
07989373
03216828
10840021
00349416
00148978
06757057
00489730
02138659
00347652
12994979
01980471
00122954
08756202
13972797
05738625
01812471
12039743
05074057
11370654
06602935
02350105
06049250
01364008
00443116
03248958
12632875
09641002
12145477
03189083
05091770
02635310
08949093
09111168
10383505
10033225
01453256
12196129
03608074
12797213
15232712
00759335
05601198
07356489
01856225
02315696
00315330
04062807
02068413
00217956
00464962
01672275
00981814
10375794
01274909
02493390
12618727
07321772
01952898
08804487
00922594
05890249
12366870
04481373
09055015
06770875
01801498
11409059
01300437
02194887
01016973
00226882
04459610
04043733
01780919
07320176
13219067
00318326
02640053
10803838
11449002
01536168
09627117
08852843
05337301
13405166
12602118
06432376
02672886
01781757
01873850
00235110
06557047
08902569
06227263
03866555
02612762
10036266
01256600
02438580
02020902
15089258
02215506
14700745
09230768
02201521
13454479
05154676
02353529
00529759
01240720
05257737
10540114
00242003
12108432
00119074
07598734
01166093
03911992
02243567
05974798
02463704
03132438
06542267
03385420
02500619
04627809
08738272
00541178
12761123
14147964
08432820
11628456
01870043
01211019
10672192
02926727
00136254
11698562
10608803
00722232
02645823
06599788
13154586
10491575
10378780
10688811
07344663
01254051
02985137
02648625
01661472
00937656
02041206
04408330
08567072
11748501
01291674
03655072
10374282
08401819
02040266
00437976
00403401
03614007
09899929
02636921
02015598
03390327
00112312
02677718
15143864
03235796
11729315
11994336
02306159
00091124
10884061
12460549
07955280
02733122
02138611
13458019
06611681
00320486
05566919
01255222
06391766
12290522
11420139
01013604
04184435
07289588
07366971
02182851
00210797
12606545
05072911
03479647
07185076
01752025
05398023
12003407
07993929
08553535
06160244
12351287
13143097
02770078
02402409
11661207
11017454
03249569
00328015
01208460
13188268
13296089
00884311
03629857
00794981
08122141
13752033
00208497
07683617
11636389
02179012
01366718
05125377
06952572
02729023
14361182
02174659
07455984
11508382
01538310
02031455
04730580
00946060
02122725
14464203
01656788
04009552
01700655
07641380
12026306
04445952
01653975
06461830
01361561
02344568
01269008
11986511
00023868
09357580
02120387
00344174
09164903
05103946
05763916
00500669
14047641
14654175
02133297
00962447
03252064
02039377
13624705
00194414
05128096
11674332
07241205
15124183
09969491
07506382
14184067
02840361
02172182
14712692
10159714
01564144
13245076
10948312
05974564
05642815
05753564
11121108
00923802
01418620
01067816
08936833
02158846
12126911
14724264
02244956
12651821
06462807
01195536
02754103
13232515
03229905
07122555
09323824
00900616
02686952
10013242
01027263
02371811
12734722
00950858
00295966
03836699
00211108
06124395
00424691
03626014
13631355
06744396
12947544
10180580
11972759
11545714
14976448
08823968
14803074
00418615
06797671
02567147
10493093
04024862
06423619
12169776
04954534
02384275
12903503
06680570
06139285
04774511
12629946
12843970
02926044
00943837
00338817
03575958
00826509
12385219
03170635
06837037
00333066
09322087
01647867
00487350
05046009
15236475
00594058
08433727
08920722
05522283
12318164
00046344
12188289
08793489
00103696
02083237
00089027
09417560
00046639
08598301
09763784
08775179
07426893
04667406
02488149
08170374
13687015
04871002
00665079
09109444
01760552
12656229
02280869
02362194
00004819
02028900
04708543
06139764
02871229
06611376
09033333
02147034
04359589
08368907
09415938
13753585
08688247
15196537
00720063
03239054
02035210
01696633
08941895
08382056
04038440
05387842
01811104
12634211
01415285
09791530
09153570
12744656
02165456
01631534
12950501
02055431
03747508
03079741
02869837
00348541
04935528
04015204
11981475
01854838
02594807
15258694
11949217
01120448
12669157
09994119
13100156
00008435
14327266
11033358
00785962
00273077
02689299
02522319
12847254
09006413
14292090
07886572
13563746
09815790
01026262
07331400
08813978
06566805
02528380
01150164
14343411
11969166
07171206
01439604
11432632
10175090
06507041
08132955
04836268
12525975
13003254
01191838
09073938
04680752
14731509
05798043
12948053
03998867
07620145
00651480
03047553
00696189
04434285
00116376
00565809
02547014
00271946
07423560
12114981
09942871
01864865
14395018
02047614
03746330
00257228
11270948
07939159
00696518
02649830
01869563
08415661
01572510
01130169
03665366
08551628
01899360
01000068
10006842
09014470
05089367
13968547
02184270
05795957
12937130
07474645
01072780
02923510
01661096
08455037
12881429
07519040
03892035
08788004
02319129
10518349
02872333
11590783
04895246
14673747
08219493
04073669
12347639
01240210
15266164
13797313
00408272
02792552
11932745
11497888
08183802
12945708
00638723
04296261
09942431
00241245
12801520
14056280
07595180
14640756
08197149
02480923
10818088
13395296
12890009
11990627
11114423
11985586
09086070
00548326
11787892
05291728
03520811
00289974
01392843
10151760
13936153
10068804
00389238
12712820
02641608
01358904
10612518
06741305
09964659
13982999
12651611
03402941
01688428
04555101
12450344
09797375
05692758
05998052
14701143
04192858
10299875
03969259
11930788
03883664
02829696
13297850
00484166
00557588
09775663
10525617
02273083
07795317
05638486
13175484
02576349
07518132
08567600
09926862
00603298
10269785
03613592
08977428
03763403
00341890
14645346
04098513
02772868
06277803
01486411
05351058
04248851
01220984
01187810
00220115
05475681
00931453
01928608
00812149
00499812
01170052
01459791
00192300
03351979
09469152
05028700
12604639
07996689
01550429
01203074
07821260
06798558
04069276
04697267
01218593
02453889
12741079
01645157
00837293
01151407
02313250
07206096
13854649
09394007
02710402
01815601
12728322
01146288
07186148
05246215
10868397
06669864
00479391
06617752
05256862
13048666
09894909
09941172
02169891
00897989
01144876
05557839
01079604
06732925
00556142
02006211
02340543
11884667
06840187
02968828
00572489
07911371
11236497
03353281
10557854
12768177
10008388
00604910
08153874
01626600
09346284
01838961
06811625
01400575
06383659
01615121
05404336
02875233
11889205
13254805
10098092
03476083
02578510
05556071
01770967
01833619
04564413
07335917
10337488
02642107
11921395
01158572
01751389
12627526
00949841
06206800
11644226
09539183
01395049
00087988
07689003
08416652
00413876
02517938
10113997
05200816
12283542
06645039
01519977
05070032
12574866
00205349
01802219
01294127
07060440
04249415
14857897
08677628
00051525
00455368
13566436
01628302
07047679
02289854
02226833
02082791
08153337
01226240
00406963
10869931
08138259
02046759
02996605
10567401
12327209
00339085
08268321
09243906
12396255
06185581
09370168
01558883
08107191
11812573
00642803
06469377
01279120
00051511
01215168
09278295
15165490
02968333
11748002
13786413
03387016
01616764
07745803
03619396
06248214
04217882
01413173
09458587
05713347
10111903
07130050
12735666
08857260
02308325
01330986
02333225
12381666
05355890
00143251
01880152
00035189
02754421
03921499
10548681
00316827
12026764
00205079
12608778
01955508
08013453
02402175
13064852
06970103
09260218
01770081
00667424
09094581
11926185
07491708
00380083
02351010
14925776
10042300
08390731
01546349
00558963
09163844
01822724
08220714
00053656
13723304
05134547
01215851
14875077
02147962
13792692
09118817
09733899
04012084
08479095
01549886
01282022
06176322
01462928
02715047
00333366
02440244
00849523
09393605
11527967
07170467
10300154
10690849
15030481
01555742
12292877
10461424
01836246
01700326
09016232
06143546
06608277
00242808
02648769
04514738
07386614
13044541
03532342
00856847
02432704
12136944
04979425
09407043
00510723
08786432
04046974
03178782
08947772
09830629
08986066
02157399
04906712
00227165
00715239
02741149
02544937
00799809
00022686
01747945
03294048
01747466
13444703
01089778
10757193
08715390
12348774
01780551
01614778
09407346
15145782
10868980
07242104
10702167
02074092
06542047
11717577
09873348
01140654
00343894
13206001
08794574
02263717
08676349
14582220
02519991
14959234
01941838
08795492
01016201
04447443
03414162
05098942
11245110
00443384
02246686
13384877
01703326
01919504
12243292
00672017
13983515
13074084
02423589
11883945
11923174
11554175
02517169
01475536
06593803
01240188
01589497
02269015
02047835
12235765
08188638
01431987
00383390
12591897
04749991
00192051
04412550
02647144
00373544
07824988
08491245
14749794
08788887
06531481
09810364
07844042
10483799
00829107
06202686
02510879
11802212
01674464
01054849
10547145
09638245
03371875
12532168
03037924
02001821
06138582
00098517
12772419
01932704
11476231
00422090
08196230
05633385
05608868
01251270
01383393
10615808
07941170
09968128
02210291
02685299
09476521
03371532
06880664
03225238
02946921
08783286
02506546
00605023
02604811
04565375
01995211
04706882
02344006
00216692
03130563
00605511
02486787
07723330
04700642
12476902
00075021
08494231
02118058
06268096
12046620
01624169
11868814
10117957
06598030
09340024
08279800
10277638
00003553
10594043
12430471
06714976
05551318
02560548
01725240
01518772
01502540
10276764
14040310
14012667
08312988
13165815
02120140
01735144
11898775
01107726
05339357
12154773
13978344
00194696
12011620
05330659
00847870
00431610
06844199
02501278
01567530
07902799
02387034
00451866
15170504
00855169
09152401
00359238
01696893
11543429
01256867
14442749
07259610
12005869
10763620
06234825
01175316
00242205
07804323
03533654
00951206
01591490
14137561
05786184
00607542
01543936
01161017
06928839
12354374
00605812
01719175
00398585
13872421
02242256
02217266
13577934
02528949
05322247
02078436
01292534
00116619
13984613
02249673
05002822
07357101
01128984
03588951
11928352
12743680
08928742
04053995
06356755
13221383
13342692
01222884
02143594
08344551
02496576
10694258
00933154
04860065
10659571
10678472
00251463
09873604
12404729
08092539
12083591
02082527
02372397
03587874
13907104
07201365
06985892
05916306
07409255
14418395
05003590
15089472
00930368
05311054
14050559
00278555
10276477
09777012
04512476
00068617
07160883
00397953
08390374
12372124
11722621
07656077
11955398
00852922
01218791
05151088
11400704
00936169
05958712
02696048
00047317
09725653
06681177
10582154
01634011
02232190
10701783
03745285
00044900
02563949
01760944
01429349
06355307
00583461
06337693
06633363
02694776
07148192
01066881
03331390
09706548
07430211
13417410
12306519
02629256
12466727
08179205
08818444
02273120
02196690
03455488
05124928
15033367
01541261
09683180
00055793
02600255
10509389
05678745
00620424
03885535
03571942
01964636
07167415
02335828
08951957
00487182
00161739
05549830
00967098
01184625
00673095
01408958
03504723
00765396
12500751
13550318
05236322
09100690
04000311
01569566
02145084
02338319
01556178
00125078
09698108
01373844
10024119
05300507
00775286
02168542
00598215
08511241
01444922
12603273
01376245
12287642
12008252
00921738
09506216
01796729
02389220
04181228
00996817
10259348
01993805
11556857
08814664
08029784
01360330
02297127
00786458
09398217
01231819
01999218
12486254
15290132
14487731
07518878
03886237
01911839
02968325
01989720
14007546
10155222
01598820
14048441
01013316
12333771
09610660
05023741
08986691
10420809
10212780
14038993
00470084
09721444
01495493
02989178
10126806
02238743
05698982
12557280
02015554
10159852
02646117
11338796
00798539
05984936
13857486
05538625
13724350
00700979
07579399
02203362
04684358
01123148
01233347
00768062
14206929
12288823
01423757
00354634
01881180
11723655
01133288
12976985
02854156
11274269
11480930
01374020
07434102
02221414
02398956
02129604
05198132
07026352
15186147
12970560
07818995
03565565
06100555
00075998
02472012
11322178
01855606
02337667
11976715
00444651
00875141
01051801
14475992
11292207
00212205
02514575
10644469
02040113
12130408
01201773
01284461
14957893
09208496
01897885
08197386
01928838
00661847
01027174
13617835
12841686
00245289
13023783
08992648
02970849
11692265
02177972
00532886
05538016
00058014
08964474
13395799
12078596
05563034
12520661
01989701
02271137
01077568
12808751
11656380
05884433
00597957
04137444
01002377
04827652
05792010
09399592
00048225
00213353
02657741
02573918
06416946
11575425
08230906
10222353
02319050
08799271
02027030
11947079
10662952
09722399
00247792
10404672
03760671
12944960
06765044
07909811
00962722
00256746
04981139
07576577
01570562
07097094
02519148
02663643
01879928
00475819
09978442
08906952
01298797
02802215
13556377
03256166
00018526
02241911
13383696
11949402
00550242
00967157
00085907
05205739
05701738
01419982
00100905
05799581
14552802
04014297
12960211
02595702
08142370
01636675
09426788
01062165
02127052
06208751
00389856
05987835
15016852
02869249
02511075
07786686
04960079
09954639
02076999
04391276
00839834
00839411
11186042
09233715
01985947
01425709
00588221
00212808
02551832
10891981
03380461
04153751
02061073
14258609
14653416
00792991
04768483
05785885
13063269
06226057
11544769
01403052
01423929
04878101
12325093
00680145
08502171
02056421
00230172
02934168
10191001
10609325
01152214
11940478
00927516
02399942
01134781
07065740
07726386
01742310
06986894
01472807
04446844
13054211
10592049
08206460
14025478
00358089
03449564
02658079
01648818
04757864
01677858
11138924
01598988
06841365
02684453
06898352
01545314
05008227
10335801
15171307
09977520
04020298
00602112
09096190
11494638
07332956
09434469
02945161
10506544
01637368
12540250
11088622
05684561
10569179
12722884
13634418
06472242
02586382
00444975
12887713
06425065
13682450
04510456
08892971
01966797
11906359
07144190
13436063
01775230
02499990
02043982
02193612
14548913
00323856
01848718
01523401
01310660
05799952
05616786
11783723
04036494
14235928
03774673
02052476
03986949
08182379
00933566
00618878
12972629
09820044
01199881
02119961
02591493
13403331
01909679
12764202
03959701
09581129
01639714
01810466
01589224
01201100
08321956
07319103
03282933
10018861
13779032
01930852
13121544
01915811
11125840
02153203
08482700
12736064
00649481
05952490
05153520
00581671
10708454
05892427
02138323
13600822
02989475
03043958
08807554
01804340
07767847
04294212
02188848
07190941
02764765
07610295
01434278
02252226
02010592
07515974
02144110
00892861
03813704
01988458
10012244
08028999
06083243
12142450
05416198
11552686
02173784
02547046
13905572
08960548
02822865
02376918
06920129
01452954
04588365
06767035
01044811
04821615
09150863
05297523
02071316
03375956
12428915
02853449
07551890
01936391
07161741
02257370
03754822
11236852
03867675
02853740
00212790
13016457
02191773
05808218
04990877
14603497
02412175
08296911
00099721
08009834
09483738
15222369
08703035
11920998
04857490
02657083
01244853
10498551
05540121
00704388
01040128
13396054
01089483
13603065
05247057
12122245
07451687
05498773
13285176
14379829
10670885
02942769
08553280
07957193
03158259
10495167
00024279
11727358
10017422
11800020
02743727
01822248
11475279
02682922
12738480
09203827
00213186
10562283
13523208
09166534
10407726
06478988
13483488
01456463
11754188
12112488
12386263
12782774
04983402
08821885
07535010
09945603
11971094
04792357
02618697
00231557
00986897
01449427
01569896
00113663
10681383
13869327
09921673
03112719
03120198
07286905
02537812
09732544
00402539
00831919
12633386
08167046
01894670
05768806
12300441
00704073
01552219
00375865
07593549
10178216
08986374
02550698
11889473
08948027
02412647
03815278
09817816
02619291
15126931
06804847
02841063
02354950
10490699
01718867
00135637
10194566
00959027
05999540
00867163
00508933
14442933
02643872
11375418
11547855
04463679
01117723
02045043
03352628
07607707
08950907
10297983
01745484
13917214
15212455
14533203
02313495
10765098
02453890
00140112
08072837
09016099
12861892
02714974
12061104
00209301
01663659
09747329
06880533
01183497
03852688
01895630
11237868
03340463
05599617
07165086
11762433
00966384
08842258
09730204
11866248
12739801
02492198
01238424
00198118
02150306
00944924
02551602
00414823
00681094
05866199
01760300
00882523
02696306
10489944
00131090
02560546
10168183
00580370
00849294
05368278
01913532
01497292
01967373
15116910
12737383
14822141
02354536
00774506
06539770
00995134
01697837
01576478
01251128
01578180
12107489
02554730
00953559
00646271
03863262
04478512
01584225
06340707
05036715
07464725
00851100
14298620
11020721
02658050
00244416
06589574
00627410
12573256
00365995
01400856
11757851
15175202
02194599
08198137
01896561
01653773
00194534
02043898
00211776
05197945
13326198
06278662
11150634
02739578
13524191
04233124
10083823
12924284
07551052
01528654
11604393
00388065
02330583
02075612
14472299
09110229
10778148
02243967
01486010
02601808
01331689
04777634
02109678
09847727
15090742
01019372
06433249
02496498
02466111
11695813
02833576
13721529
09313716
12092766
01662784
05211044
03131116
02097341
04661389
01505958
01679837
04783567
04603081
00960961
00288486
03912664
02014165
00742645
01932800
05112609
08506496
02163616
07182614
01364357
09545324
00654885
03940256
08771116
05731779
12333053
01412204
14682133
07973487
09535622
00621627
02190632
07475870
05406958
08515457
14451672
07281871
01129337
00928751
13295657
09228324
00975036
00920510
10998305
06372680
12566331
05872742
09639719
09754780
12735009
05865998
01776214
11136214
06078978
04531098
03058603
07658168
01223488
02460009
08912153
04166553
06783598
11173475
02523784
05777830
01861778
14855992
05714745
06794666
11664090
14433587
03295357
02585446
15078768
03501152
09757175
08950649
04787530
12157276
02395406
08231874
08236438
13722340
09648743
15237044
02702575
07244154
01745377
10620758
03458961
01926376
09078784
13248393
01942724
00797878
02354287
15291199
02408281
02525447
01193886
03101986
02903204
01378800
12775717
10190745
00136800
02288656
03308297
01058870
03133538
02651412
10202363
11660848
14027674
10654015
12989142
10454752
00097394
11766046
07010541
01939406
04290259
12025019
06285559
10422871
01164568
12392943
02018027
00945853
00631378
07582277
01750315
02229867
06329506
11650919
04043411
05182563
03154073
02190015
00874806
10959664
02908217
09717047
02638444
05828102
05151869
01398682
12299165
03186818
09761068
00479076
01815431
05157866
06790235
15200661
12847749
00314469
06927736
13881644
08141664
02017607
01177699
01994846
13736197
10041887
00331514
11632794
10001647
04938228
07003119
01942234
05813229
13859043
00770997
02269894
12419217
14500819
10105733
00698732
06620579
06616806
03894762
02037110
12618942
04019335
10506417
04688842
02584449
02527498
02317653
11639863
00048828
01036996
06627006
11811473
12875269
09071571
08951385
02259241
15019030
01203715
10178917
08295580
06691083
00444629
02316868
12664187
00383606
07250868
13497928
10509161
11959632
08233056
12574143
07523905
10618007
00787218
03176386
01139830
02600948
07229530
02540637
14816181
07279045
09449773
13952601
02996904
01597336
01747885
00039592
01030820
01930512
11757190
01164081
00037298
01074498
01422172
01477373
12446519
09221070
12201456
02012849
01033189
02360448
04370288
01024643
01911339
02253456
02433546
13616688
01548301
08137738
08896092
01575270
09815455
08836886
01468576
13617046
03429771
01143838
13412721
12185687
05499828
11943407
02498355
00295172
04372370
10260473
02444159
07817599
05639556
00355547
02091885
14850483
10150556
03231476
12404943
12998130
00689673
02179154
08871007
00181875
08193645
07664007
12890685
12781814
02721438
08057633
13587763
01999082
02717362
09536058
10734235
02331309
02575325
00474492
00354845
02570684
09145655
02641215
00815686
00404726
12916935
08186761
05567217
09814660
01194331
01033903
04551205
02632353
04250026
00392960
04801763
00329817
00082081
06526004
02775483
07696527
02517442
04046810
14897369
09049303
08771400
10826352
02610664
09619824
03144156
12644057
12911673
08714132
02581642
08249960
02345647
00788473
03174211
13905405
14159153
01590443
00936620
02377480
01103788
02327200
02040273
01843904
13404248
06604319
12292655
11372599
00060185
02130160
11986900
02159271
12245472
09063477
12117017
02552449
09397391
05018674
04750164
09824135
10176111
06931891
01414916
04654337
01032840
12049796
06359877
11791569
00648224
01248405
01322391
08597323
01831308
02369633
07891613
08722645
02291434
00583242
12985010
01702331
02633287
00315605
13451804
00728849
10214390
00396325
01743531
12656685
01701551
05755883
10508141
05964445
02738760
07743544
07491038
11125193
00312990
02492362
08008017
13289845
06628861
09986189
04706290
11622771
10719395
06686174
15156311
04010348
00647929
12085840
10938640
10503247
09865954
02568326
07252206
09249034
14294678
03906590
06689125
01665507
09243209
11416722
00193406
01287242
12765679
00906735
02115324
01521602
00168588
13753740
02224323
00522145
06967529
02797295
10648696
02697725
14812359
04780958
01864707
02851099
09025584
02924023
11347519
02099997
13583724
10240082
14074877
01657254
09060768
02225510
09616922
09351547
07800487
02217563
05305136
08968390
14140781
00321652
06429590
09828403
02134084
11816121
13128365
01969550
02718543
02875436
01239494
03365374
07965085
05846054
04671394
10674130
14361664
10349551
01985331
01144657
12493090
06933022
14942223
04277493
02151394
03537412
09926088
11512818
00579952
07927931
05692910
00301187
01515566
02758863
11743772
13651804
01361973
04298171
09855630
01242391
02254370
08973330
09877856
12644902
01625985
03955296
08944561
00520357
15125097
05536370
02283324
03093574
11982115
11118886
00667384
13199244
07185668
00328327
05826469
02777100
13658998
05789432
14151139
07246742
01501960
04721058
08887841
07335414
10675481
12131767
05682950
02708707
11365857
13373214
05500465
14153010
02705303
00572661
12393269
02022659
00665630
05830527
10209888
00678105
15242955
01533120
12983217
02270011
04541662
03587715
09878275
01102839
02874282
01589125
02272428
02195526
00524299
01308438
03346455
02313195
01416539
01127075
03534890
08402944
12736999
06161718
00154433
12937822
14362179
05785508
07488340
09226209
01947887
02390470
14768854
12637319
02180233
00987071
11878808
12537569
12189779
01286913
15129927
10561861
07181935
02742322
05604535
08914413
02011668
01779165
12468081
14440488
03750614
14438125
02048514
10773527
02020027
08725161
09507909
14154669
00567044
15267945
04806804
09092497
07907161
08311687
01741232
00716179
00390906
05686481
01458464
01037650
07535209
00025728
06749729
02170400
09874862
05524243
09901642
09122968
07774479
02282365
10333165
06106502
04586421
08231184
01258161
12764507
00889082
03414814
14647235
07275275
01855188
07265619
09720033
00143914
04538249
05615028
10143725
00494768
03038281
12487647
02181599
06712325
13744044
01580644
02195403
02209261
05323889
00044673
00627437
10635460
03110669
00036780
11805837
00285506
09861395
12493208
04955160
03970673
05669934
00329831
12788201
10714465
10238272
02016062
05770926
12742546
00822970
09780828
12553573
10100620
01641341
01849288
01967634
00521874
01146051
12783173
06013741
11332572
09113022
01874928
01088192
05333467
12223950
07086323
05734018
01088923
02561332
02612657
01096245
05371663
02482784
01442591
00887702
00434374
04507155
10671898
05658106
02014733
02698726
08043499
01696849
00406365
01409177
10903722
01941223
03532672
06917083
05927586
11058633
09167101
12510774
10749123
02436813
08825477
15181556
07029682
02218563
06496624
02396205
09916788
02018372
01407065
12804621
02846322
02049190
12295560
06641181
03072440
04178190
02020413
14375761
01202068
01131473
02549533
11982724
00840751
07792725
10574154
14638517
14180327
00268314
00094240
01502195
10791115
04637108
00374135
08376250
00665886
01165919
05797177
02276078
00837675
13354985
00268112
10830456
00021679
09933098
12727301
11758799
04813712
07291794
02303331
03212811
01500721
07680416
01878803
00412696
13887056
02842303
08015731
01981036
11500968
02028994
10583790
01783214
13773047
04609651
04811126
01485073
02362025
12623818
11162582
00851689
03888257
07065932
00203649
07711799
11718521
06688059
14359174
10285762
02141306
01256374
06634376
01499595
00809654
01211098
00897746
10240514
03779370
01054553
05945642
02443049
00627013
10717055
08290928
08404895
02555434
03636248
12974286
03612559
01585523
08293490
02541431
06988684
02650928
15231964
14504558
05998724
02659808
01174742
04149083
11668573
08424769
04574999
02937108
14019840
00754956
03035089
10339350
01818972
01969216
12021499
01954340
14641223
08139270
05700087
10407552
15140405
04643397
00176459
14187378
05142641
02155493
10670310
00332835
12859488
00559916
02185973
00056688
08921392
01067002
01406092
04112252
12533992
01502279
05938795
00776262
10646780
01802070
00337234
01395493
00869931
01649948
01889074
07806221
10990733
02162434
04537602
00468236
02297409
05250659
00440747
00891216
10824541
15211484
06387980
00993892
06758835
02565687
08830456
09053019
00275843
01234729
11813309
05607402
01261491
11647131
12336333
00377002
09464486
12254168
12339972
07774842
12082764
02395115
02448885
08366440
11553240
07923748
09283866
03770085
02002875
13998576
10768391
12019675
02151816
00126236
06490887
02500884
10478626
00677808
00783527
12866824
04806169
12612020
09332394
05612067
10577820
13875185
09155306
11620560
05625465
00592102
13911517
02351870
04186051
15002814
00276987
04510090
07527352
04565963
13572436
02758270
06719579
01262441
12382233
13775706
02164464
10144838
01252971
01469263
07106502
04398309
07294907
05965933
07342049
08191532
10668666
11654438
05309392
01819115
00540895
14026376
13657849
04612722
12205308
00593732
00861423
02281485
02178563
02258617
00624967
07938773
00846817
08838887
12957076
03430959
02117649
04204619
05463533
12235479
03119203
02425393
12180885
07899108
00111222
01556040
08432345
12775530
12489046
15031231
00439484
04394031
09920771
05845888
12561696
06346461
00967625
04879340
09907196
13904843
04523525
01216191
01731418
00767826
00500449
01003588
02974219
06203758
02425228
07461050
10581094
08027920
12182615
09436708
12806732
10103485
05622456
11757433
04517535
00877345
06631921
06276697
10578162
03030919
01158022
01027859
00771341
06909672
01687876
01156899
01811909
11643684
02681335
10388732
00412271
00590913
08081403
03521076
01716619
04647478
08103777
06988057
04957176
10899951
09797113
06473168
13628246
08399287
04402984
09758781
01975687
01323518
01723883
09143017
09941571
00555648
13062421
00268457
03518631
01487927
07518261
03203441
13743269
00606370
05683390
05954100
02082358
12953484
14777104
00115036
00636441
03777126
11627168
05526175
13791389
02402112
05150588
04280970
01231252
00363493
02363005
01881957
14657818
04470953
01077190
00904548
04461294
10737103
03900750
10994906
13057845
01304716
05919034
09077556
02388276
06861630
01203500
10284064
02264734
04902925
05120116
03836191
07444495
00638770
07838233
03000447
10245341
10122300
01034925
14506403
11752404
07274890
08212527
03688192
08414807
02452758
09841188
09037394
03808977
13933560
01194418
08524130
04891683
00980527
01048466
14565417
02381397
09465135
07335097
03720163
11645914
02373015
01580077
00038573
09085441
07480068
09559404
12202352
00229026
07408965
00609236
01460408
12845732
02234988
09893600
00588703
07312221
09685085
00954608
02972533
10947259
00136984
09908508
02415971
04101497
14153982
02683419
02337870
09032321
03751590
06263020
04110955
06544432
08773336
06619850
00094460
01471043
10283037
02084071
11605708
02179429
12641007
12896307
07355491
05772044
00059552
02934888
11620673
12829099
08999482
00208277
13434688
02180898
00392950
12750577
15163005
05146739
14469014
04903813
02409412
01013040
10533013
00103875
02866578
10331841
11045106
01282413
15134054
06956544
03682487
01468058
02373336
02152881
02118933
04622415
03786194
02064816
08053260
09441107
08611063
09907919
07769731
02042923
01965889
02199999
12721122
06888674
03186005
01986367
03272383
01955127
02774152
15058163
08624196
10147262
12070177
00669630
04953954
04229959
08231499
03859495
00324056
05948264
13895745
07185870
14775729
00739632
08974604
00593669
14358022
06876309
00220023
11656123
01211888
02193163
04102406
00787061
07281219
08412749
02160433
05514410
00634276
02479896
12264254
00734348
05219420
04789274
05915356
02347637
06241825
10485440
04971928
01719645
04669247
06028904
07801892
06404147
07517550
09012297
06417096
06551339
12242123
10032676
02581477
01008801
00363110
07553176
00344042
10844231
02712243
01511706
14548105
07674749
00224738
03845550
13903079
00202934
14638799
12612170
03508628
00222135
00810557
08021464
06427086
02255942
01177505
01321895
07361863
02415390
01245052
07282166
10611361
13030852
09701148
01877134
00835267
09184834
05426087
08632423
01053617
07747055
02074726
01819734
01747285
13726074
07062697
02580678
11798851
01289830
14181187
01654628
12911079
10049363
01431230
04681387
10724372
12461326
11969977
11059438
10586998
00880662
01004961
03054605
08136260
12790656
13385583
02396796
10016103
09288635
08856037
11199727
00393677
00311113
12916356
07286014
09695747
01809884
02666239
02846141
10089615
12382484
08185758
08895497
03296759
09850457
06501141
04361095
01158596
11925898
04068441
05231592
02688443
10347883
00854876
05262185
05524430
14332085
02069701
07244949
02581675
12584970
11616852
01439657
01327301
02812201
13467009
00278403
00399368
06955087
01265176
06753550
08046346
14578471
07198846
02420789
12541403
09617696
07755707
04623612
00629738
14031660
00533851
00038365
10304505
00307474
01662771
13798491
01576506
06322693
13047216
11755694
05549061
01349948
01042228
02523275
12816753
12301180
08150377
14619225
08898457
00493308
00550546
10269458
08914850
04608923
09246660
05528060
14060256
01927992
11715207
07029247
01571904
01964271
04968426
02809692
01762525
12597798
14158594
10057271
08290156
01305551
02277138
12874783
08927678
05043973
08787240
09024467
01232272
13054560
00886602
02601589
07257815
12404314
00289679
00635904
02331046
01200068
02290340
08130712
05767733
09353437
08339939
00426608
04639732
01262470
02072673
08510456
12213197
00737705
01728355
01463115
14939230
02554797
01634424
00039318
12572188
14006945
03082127
09759875
00938419
00798717
14416089
04406350
09100982
15112239
01910252
00749205
08159740
04060647
12144742
01914163
01066163
06927363
12857594
10308394
12713063
09387624
01566645
07128060
00328370
00309647
01506157
05530657
05579239
12668517
00276373
07553964
09860415
04008385
03584829
14217897
01083044
01185981
00596692
04318131
02986348
02665119
08933940
12159804
01428381
05289297
07866723
10078806
07115914
00366317
00322151
02140033
08742205
08100907
05034048
00246940
08648153
06879521
11508092
12174521
07925808
13290991
13906936
00066397
07234881
02366702
11643022
08345189
11947251
00319939
05032565
14702875
00475647
15113229
00057895
01390123
06635944
10480018
01630284
00782057
14526764
01733213
00180413
12641413
13751036
08641113
03402188
00976270
00762478
06740644
11121451
00590518
13896369
03459775
04618070
05081300
14077830
00476744
03929660
01030132
04763925
02225204
01072565
01844048
00053097
02854521
03788498
01105186
07870069
00536655
01887896
00604131
05737153
00849939
02368787
01187740
10675142
02622408
00884946
06699225
12028424
02387910
01932482
10100761
01146918
00773814
00998037
11867525
02706586
11668340
02267060
13007034
07547674
14770838
00171590
01936671
01892271
12552893
12944590
00724029
12688716
03205760
06055946
08579487
03890713
01723259
00899352
03431243
00520257
05316025
14937943
01980328
09762101
01955984
14522113
05581693
06121554
07204401
06661562
03539875
12520223
12626674
01531742
01180200
00371314
08497294
08245172
07454196
12513613
00965606
14680261
05996646
00939277
08310949
07817465
11779300
01587818
07206302
05658226
03524574
03859280
12558230
00554541
02323902
06513953
14956921
01478511
09152944
00260881
04983122
01690294
02173373
11864114
11465017
01346003
00061917
13486270
02517265
00467451
06486161
01174645
05042283
00374835
00959731
01739814
06217103
12534862
02257767
02607455
11836137
08021785
14420240
02640626
02828427
10667041
12120812
14214584
01813385
14561618
13939353
01672607
03833564
02416964
00575365
01254013
07071017
07842753
02772554
02316707
12658846
01090335
13215063
02234087
10699752
01458973
10553805
02671780
01599805
13773361
01734929
01728840
12613596
10312287
08441203
09877951
06720784
05117660
09924996
01190277
14416349
08764107
11843285
10080869
11780747
08125722
00393953
07150850
08441039
04073948
12574470
09764900
13449156
01338113
10498046
04770911
06792645
01868258
00473799
02625132
00657260
00991683
12480004
05598868
01513990
04285803
04695102
05713101
13426376
10514121
07971449
00993787
15184008
10616379
00407090
02541687
06199702
01268112
10466918
13149506
01672767
01575577
02196948
00394562
02295208
01846320
09935434
09477890
06596978
01063695
02596252
03462747
09572425
09752246
01945183
05230357
03446832
02539101
07354731
08915372
00223854
14628307
13067845
09361517
01279978
14972359
12175797
09834378
13022538
09738400
00016183
15226046
10305635
09952539
09131553
03408721
03631445
03872495
00498662
01127795
10616204
10604634
14122053
01598588
12697883
02653497
02743020
01678237
02675067
04371563
02118333
00257650
09913593
12664897
06857122
10584853
10875910
06623614
09539394
02518488
14342132
06181584
11596108
02323715
05769471
11900058
02270404
00651954
07180372
00770270
00269258
12487394
01145944
02448185
06073494
09952163
01825930
02164402
09673495
08403225
00101629
12932532
00267519
00224166
01442203
03583109
06453849
02763740
10123711
02692471
08129621
00820801
05465868
14147380
12840640
10904270
08399818
02768874
09790278
02578008
00932624
08334087
04932561
11871059
14522265
10129338
01476154
11863717
04108268
08584787
03644378
12832315
07643306
02017937
01263711
15043763
00506207
12397864
03270165
04487724
01482071
02145543
02340521
02009433
02499700
01285440
02580577
01987545
02992795
10611613
06580351
03541393
10597234
14822839
13459322
09269472
10066452
00479933
15024606
07400906
10544748
07118554
00594146
05725378
02293732
02621258
11273286
02243878
00601043
03138856
10129133
01484987
10636874
10531694
09255921
15229408
00598056
01521603
00190783
09381242
09885676
01014066
07507742
01908703
01919226
00534837
08070465
01259458
01792097
07650792
02608004
10359759
05477305
09713501
02558724
02329578
01103693
00853776
01425336
00947719
14186541
00859604
13235947
10298912
00794367
00687295
05465567
01714059
01990800
08197895
03196598
02268148
01372049
02815950
02578604
00260311
06113009
12951668
09939313
00840609
08243851
08291338
13053816
10669991
09128536
02679142
06508816
01009240
01267098
08873622
02952109
03762809
02337066
01523986
08223263
02977058
09997622
02632239
06577369
02576223
02971167
15027189
05624254
14822563
00276068
03579538
01957591
00543233
12385046
15202230
09980090
02436514
02461372
06065819
10054657
04164989
02295064
02637046
00597821
10416364
12601494
01570112
00019613
05922175
04701460
02345048
14202763
09620078
13941125
10616779
00800421
03299648
05982915
00932161
11662764
07601809
01867502
00431005
02742753
01828267
10624074
09477718
00255389
01086572
00017282
07800740
07363346
00385791
02067540
09882716
01106864
14920388
09753792
09982370
09612291
01161290
00521209
01514348
04288272
08925287
01595260
00565302
02473688
02202384
15034939
13229358
01351601
01374457
13015040
12641931
00625119
09385137
11197099
00093163
04464852
11132245
00774107
02019716
06477209
01563336
02333689
01247426
03308152
13005568
01475075
10714851
09830194
01718185
04323026
07542433
08759263
10314952
01047803
02830596
01923171
13325382
02187554
12215373
12009047
09696585
00417859
13432647
02833140
08240966
02274079
02031934
14106025
00119266
00674340
00826201
00588473
00744443
07931280
10217831
03031756
04011242
02266148
13110915
06274092
07811416
02715229
08330298
01528339
09356320
01164618
04728068
01736569
01149138
00025034
01790739
00177186
00198270
03421768
06824227
12710693
00882702
09151963
10105085
14213199
12514324
05473735
01101329
01189001
00591519
13217213
11195619
07924033
11400837
07580782
03469493
03292736
07486628
08983413
06764244
12830080
04495450
01487008
10206887
02775039
01045306
08821578
00181005
00049007
11996792
14460565
10773394
00979988
01668603
11921622
02460684
05435477
03056010
08035601
11820751
03058107
12135270
01740721
02330830
11885292
01170175
00115803
13855828
11963158
01021420
05008746
00845523
05971086
02200198
10744164
04631298
09333334
00310386
10213034
12255659
07406765
00216174
02604014
11810559
09249418
00761454
00991900
01542207
01970826
01253277
00013172
00367685
00871942
00043902
10311021
00883611
00795632
10164233
01541579
07216083
06409562
14683859
01448100
00931847
00583991
02505807
06552814
04681797
07966719
01666102
05558555
01105639
02571486
10731013
02238085
01904930
00286605
07285191
14712036
12187663
02401809
15239292
02479154
14544335
10627349
04779895
01979241
07322138
03759954
03846234
10360747
07612632
12575322
01918803
03619890
09680657
01805684
00886173
02324182
01237872
00471058
02074004
10736394
11995092
01548143
10021892
08181930
08001685
12444666
00408085
01138204
12075830
07214894
03122295
01939811
10321126
09043052
01205696
01606574
11476430
13007417
02184163
01721556
15237250
10592152
02349040
14589223
02530770
01662614
13864965
01390210
00415676
00053889
01845477
02533075
09218641
13542474
00622266
05149695
09248724
01826060
09393108
02178866
10769321
01249060
01685313
08817630
02505716
01194114
06253140
12339090
07143624
01624743
00087736
06754184
13150894
07731587
04922338
00590383
09883947
01455184
01972849
08230785
13627810
05436752
05481095
01071411
02758033
09927305
00740712
10895688
01408880
14516501
03819994
00632438
01688961
09795334
07731952
00918872
01941987
01457954
11555413
08395465
12061614
01796340
08891595
10294953
01047381
02540983
05313115
08044676
03422072
11655407
05118251
05198321
01008903
02696165
01502654
12607896
01680756
00771713
14575180
13282419
00139758
13225955
04768657
05328867
13378518
00522751
10740219
10987358
10311661
00187016
08237863
00477665
08187033
12288005
01479333
08308497
04059157
00597915
02031158
01079480
03714235
12165758
09175016
02228565
05393230
05713737
06022727
07805731
01117164
00932798
08739669
02573704
09774266
07109019
00152018
12723446
06008382
12137569
03596787
03928814
01506583
05258299
02998209
14818238
00390215
01611252
11277500
08350919
07175575
07174433
14640222
02338145
03459914
02557461
04071876
13724582
02731629
11918631
00690501
12328241
04572344
11542920
04850117
14691085
07733394
02063224
00550545
08246302
01413551
03316406
01726692
12439400
07327805
07175241
08774374
11621281
01727490
01638952
02385102
12566809
10361525
09268927
02601680
05546040
11792598
00943563
00645365
01764800
02221959
02328662
07725376
00568234
07541923
01101218
01689226
05252970
04519536
11415842
01215137
13397174
00607780
01266491
04559023
08963369
04229107
01229976
07521674
00250181
10598749
05000913
00257535
02485731
05000116
01519873
12450607
09367827
08143653
00405236
02984937
08911726
07250339
00945916
14549937
05523269
02522864
13495636
02556623
00158996
01702154
07749582
12609638
04490091
09769929
03371258
05785067
13108662
09826204
04756887
00581812
12815925
04555291
05736736
03924978
12195391
04882968
13343774
07361128
02851550
02286204
12594533
07162545
13135832
02983507
10055410
13273154
06908159
10491309
01460785
01483980
00434077
01048912
10605985
07974025
01754190
04072551
03958752
12431861
05162217
10466198
12288598
13570574
13477934
02471762
00709379
12027658
09725772
13146035
01026095
05805475
07472929
01452546
08904115
06278830
00164999
11357879
02089555
01662622
00599434
01065630
02019762
02254697
15272887
09903639
00198057
00684128
11724822
02138766
07538395
01685679
11159920
05670710
03439814
08585447
10688356
09009372
09040475
02803349
03228016
14584765
02653359
01958435
08706502
01622120
01866610
02967782
11695599
12916025
15161872
01463519
10168012
09011820
02265860
02271544
12769430
08454003
07819480
00309310
10536728
07753743
07640653
06005518
02525012
07965937
00972621
00266798
09862183
01428853
07863229
11658104
05464685
07375214
15127729
03862676
00037396
04647826
10038929
02392762
05485314
12560420
05293944
02131418
00799236
07892813
02595217
14461231
00521641
12749852
08779149
03055670
05128519
02813315
05060189
05223370
15121625
12510569
08783812
12232683
10676877
02159427
04821084
02840619
01430447
03042697
00513251
02011460
05263850
00965404
01443998
07472460
09328904
03061050
12511239
14338942
01887474
10745332
06245816
05434927
11565385
03691459
07223985
02285392
01238640
00881545
10536897
03536348
12320414
06488880
02468864
15158816
04476633
06045562
11931918
13425637
00209598
05752921
02100399
00049197
09537660
02753044
06536853
03915437
01715525
00552815
03456186
09725402
00144694
14757848
02653786
10139347
06195839
07519253
02218635
02449011
03309465
02604477
09826605
01358328
11614250
01318660
00439958
04783888
06671637
00296263
11612235
01848976
06770275
02282506
08734853
01007495
05646828
05805277
08007534
05494617
01021973
02396667
04270147
00924612
08645963
06280816
00083523
14821984
12601106
00235208
02306462
12367122
00178380
15233239
05534712
15298011
04952944
02065932
12708293
03087088
01982211
06147873
09463721
12844939
08800911
12687957
03141702
03179701
01352067
14629149
08286946
13123681
08580803
11538582
00633864
00574514
02279819
01162754
05147381
07954211
02503313
00406800
05348884
04395332
02581108
04548771
12681768
02382367
12931449
01890626
02594674
04305323
01315140
02480673
14363483
08252602
01220619
13986679
00316768
05277941
04190052
06259898
05262422
05893356
04337974
02431834
14521302
05349445
01614038
07116304
02923745
09179776
02165247
08369920
10509605
00198451
10076778
02161737
15137047
06048851
01507914
02289177
12836033
09425159
09903936
08065937
08395298
12798632
00186740
00004032
00611055
09401834
09173777
00851146
00113818
07041451
12036781
00588998
14526182
12021120
02008041
14676042
01465365
04558478
01665372
12282235
07719839
01251928
12119099
00436339
00452293
14507651
07281635
00945777
02774502
02808440
00730984
02538765
14674143
02187693
01780202
13948026
10442417
01829602
12373739
08928933
11702252
01623967
02041246
01116026
07755929
13983147
00779360
03694639
07259319
15209706
02558951
12966581
09198106
01011725
02818832
13020623
13864763
04847991
13828075
01015244
03030880
03619650
02967626
13199970
00440286
02333368
02762468
10761519
02315525
02513989
02815600
12109827
07723753
13359572
01754737
10284965
02918595
04569520
10020890
08742743
01432517
05044673
02250133
13618849
01789047
00048912
04051825
06731186
01566386
01655347
10601078
13877918
10681557
02643446
02454939
10712474
14059928
00071178
04526800
10129585
00218427
01977701
05379734
02658570
04467099
10386515
08121117
04863358
01379389
00575741
00010054
01382273
11863467
10434424
00017865
10955483
10059162
05139561
08207672
10386071
01078783
12585967
08782976
02695520
11663136
00038750
12810318
00976487
08103457
12240477
05639431
07206887
08998233
07921615
00594374
05521636
07410745
13554343
00909363
11706325
06410776
09827683
00689344
05704096
02433381
12711984
01797204
01587984
08087981
11707109
00097621
10763383
00590241
00910203
02729837
02476219
11769483
06736405
09771204
09713108
12872698
08100320
06256229
10029269
00347276
14625458
00335814
05275315
04956594
14956661
05836275
07131854
10841065
03803911
05372428
10114550
00980339
11652376
00678282
00749767
08192361
00435853
04621738
01898129
12440869
01003272
11415084
10068234
08332330
01604586
01835280
00135799
11437577
12897999
00530829
00349705
10513823
13030157
13118569
11657314
14411981
13152203
12610933
13037406
02078882
02152278
05770391
02073233
08695539
11456462
11331300
01822164
01537409
01487312
00433232
11823756
01491235
00876332
13185436
12863026
10412055
06977434
08913434
00877327
11735977
02117232
13265425
07168623
02463141
01617633
12485981
00954422
02191131
00613393
12160490
05806855
12879963
00297507
08810358
00501534
10261041
01126051
14494716
12238306
00555780
06650431
10114897
12491826
02424695
08686129
00218602
00749963
08186047
08752021
12673755
03191967
08750151
08967329
00676834
01194938
02174153
03438071
00207184
07711471
02360274
00559724
01376620
09296121
05176607
00031540
04681230
02860847
01423285
00302861
09890749
11925720
14688500
02944579
09456614
11790390
03408054
00765649
05343542
03139045
05299927
01826223
00276620
12693033
00349213
06551627
00344259
02969886
06244852
01429322
06136105
02355259
02225577
01434822
01592084
10074339
07257227
09510904
01697816
10549510
00366858
00200863
00699815
08455829
13589321
01570744
00084562
00894365
01204557
03758334
02035337
02361811
06081602
05896733
03511175
01574671
06713930
10512562
04876053
01815855
07105475
01289155
06584376
00252307
14779796
14472624
03948459
00917651
06421685
03576215
03266749
00835506
12946088
06442616
08746636
11289709
02589245
10605848
12269652
10223744
07187297
10296176
00114871
11945228
10318892
03214670
04993413
00990812
12444261
00028362
04594218
10369955
01643657
02533424
12969131
04790449
10535706
02141973
01666431
02311060
10316164
04881998
01362480
14081375
10563183
02278839
09787534
02421308
09325530
10772190
12130937
12271643
06712833
00591446
01885430
11651731
08211924
03708036
12870392
10242032
15108745
15257829
11219502
07663592
11660979
08785132
10448983
02466670
12447121
02205272
06471737
08427453
12979129
07976936
09530238
00436668
02365672
11171851
05123416
15282696
00951626
10514784
02923129
12022054
11784126
01498615
04568841
07058468
00457770
05304932
12275489
12639736
02187922
01073655
02889425
01596645
01040550
06779096
13291831
12838027
02352946
01650901
01587834
04516874
02245555
01113134
13594585
02687172
07411160
01439190
12953206
01776192
05945508
00575970
00551714
09069415
06796506
13744304
13907272
13845239
12115748
11820323
08672738
09953775
01150467
02574271
10329337
12939664
04768028
02455407
09639919
04072193
09995398
10369317
04436675
01919711
14448200
13270038
13769672
04151228
09624980
01516290
01968275
13210006
11372372
06941341
04590553
01509527
00597532
02056300
11905749
08715110
06747670
01019472
09820263
02615829
05071368
07183000
14974264
12374238
04380346
00164201
09483340
10575089
07071942
03448253
11765099
11793252
04446276
06564387
02068408
01589286
10776987
01485158
07947255
02426171
06115701
12032939
10770767
05621439
00210259
03109881
01169744
06396930
01493619
03191776
12878019
03218198
00160086
13353607
02246284
01677913
11416087
00141806
13531149
11214320
12029326
01955463
00289532
07006712
00967455
12780563
14899328
10708292
08404735
02567960
11834272
01472251
02310855
11999140
01457852
10844031
07493280
05461349
09869171
06871384
06743362
01982646
02152991
01612122
13895622
01440801
06632097
09243405
02053859
10512372
14563564
13189844
12694048
04160372
02062430
01785748
01740393
00374668
07717070
02892948
01031705
07042862
09614047
02852920
01439808
13491464
03755545
13157137
12707781
08163792
01134522
01882714
11782522
10646325
01236941
01627355
01055165
02346823
10954966
01362196
04639113
09143321
05559256
02584097
07509996
00268557
03073832
12853287
09163192
01516064
09878702
07424436
06495000
06805665
09968259
11633459
01067512
12137120
00998196
02524739
05714161
01308160
15294884
00864859
02874876
01104406
05473104
05296253
00908977
06676416
08244062
12189293
00461782
02606194
00753428
02190943
02543412
11920867
03182140
06587980
02348182
02564130
06169285
07262579
10207831
07634901
15231415
09928451
03013718
07252378
00997794
10512982
02185694
05531814
07153727
11714853
13031690
06558277
06838112
02478469
02348324
06473381
00937476
02617567
13959931
01182293
04194289
00337486
07057196
05546540
02613960
09543154
03249342
14128029
01035380
01838038
12005656
14686352
00660381
02954340
09129324
09139993
06767922
10366966
00502085
05593654
04894964
00084230
03049066
00968715
13623455
09809134
02752496
12233410
06789801
05656294
05236848
14381416
02260770
01531265
12949955
06125041
13905792
02417534
01341876
00610222
02602620
07481375
01420655
12164656
10274318
09367733
03916031
00380424
15036638
11714382
02388950
10904107
02073831
05484862
11998888
07346344
02011040
02305586
01547001
10413276
00857923
13979503
01415605
08699654
10641551
01803380
02752567
07459642
11412592
05664069
08122009
08688076
01865197
02473981
13015229
11126783
14166358
08226838
07541053
05698620
09845999
01494475
00566298
12446908
04821451
02395782
00664276
01755504
00609683
04821277
14666012
02873623
11630489
04970916
10133458
11916268
11649878
09094093
02991463
13925752
01309991
09177647
03773035
09691858
00883226
00365012
05874232
08096301
00866702
03491178
08519299
07452348
12896000
00728975
01683101
11648617
10285938
02337545
13372961
01482449
12321077
09796974
15178841
03514129
11106943
03304605
01970866
04250850
02608708
02703432
04471632
00490968
00790205
00223500
00049770
00847158
11427842
09696124
09090559
08041484
13643276
12924623
13879320
04163740
10785869
03979377
13742840
00739662
14412564
09172751
01061333
01884577
12056758
00920929
12609968
00889490
00900070
07747607
10771392
00208943
11818515
06516595
12575089
04059701
15268857
00093979
02262752
01043887
08563478
14959644
01229631
01457708
10308504
01603732
01909978
12453186
05388805
15025942
13558953
10839791
13975037
01528821
02043501
06687178
13813765
09800964
04976952
08138686
05578251
02539573
06189551
15124864
10257221
09808080
01247647
15006789
14757172
12355023
02679257
14991927
01949817
01776705
05849789
01679254
07050619
08046032
02500267
00775943
10855604
01697406
00660730
06037298
02577586
01071090
03210683
01796870
02735066
00281132
14552355
05106633
00646332
09341465
06398760
00320536
05282433
00453424
06700447
03094503
12307756
00263044
14643467
00886759
14777939
01675225
12697152
04496404
08400191
05241072
13989863
05654052
08177030
11428023
00851733
01665638
00082563
05998225
00765193
12351477
13274092
08591680
02287041
12154628
08955626
01997002
12197359
02346627
05121418
02005962
00132385
09732047
13379413
01857325
03328076
01324916
10876798
01674216
13629854
05850624
12741792
07208930
12531144
10051975
01924882
02002720
02762508
02078159
04626705
08060193
02259377
07225857
01084180
02467003
09160775
09880338
00753685
11150224
01967094
03969627
11953339
06697703
11808721
09008723
07705931
02267529
13357178
01993212
10158010
05630277
09617161
04566862
08381165
00604424
15223750
09202810
10437014
12894438
06435651
01522952
04942869
09747722
02024143
02732798
01482887
12874642
00620532
02464693
01375909
09996481
12979478
02650795
01152033
01103603
01050313
13947415
11722769
06248361
11692952
15217563
02939919
00211110
01231980
02029706
03606572
05898568
08639058
00416409
09853645
09684082
11599694
04884627
02142413
08665504
11014652
14083790
02196214
09937903
12920521
09792555
01145024
01977545
02751623
01609287
13026146
01855672
02436349
06582403
06717170
01695060
11016374
10162507
01037498
02447021
04173698
08701161
11503968
12248574
02194495
11713034
01380122
01891249
12548134
14658546
02689146
15230482
01933988
01935846
02005756
10586674
06780678
00597265
02502212
04922113
15298507
00799798
01259773
06798750
10242791
00040685
02293321
12820113
09408540
03543394
11849467
00426958
10193967
06755568
00159642
13623636
03209141
12825949
01888511
14202996
04196803
04463273
00552841
06944480
10001217
04977561
00092366
01131794
05321664
12191965
02704617
00595410
02174115
05790012
08900535
03788703
13726562
04045397
02007417
00090708
02038993
12074408
05699600
05233741
01414626
09628382
01106808
01981543
01991676
01203676
12588584
00877559
04951186
07781319
10182499
01246697
08539893
01654271
00710338
05656537
04190464
00775831
04087126
09303647
02472495
07203696
01948788
03892273
01131197
07849336
04003597
00839526
00471613
01277288
10772580
03753077
12581381
00496167
04079933
13333237
00227595
03285106
02063988
09793830
01435380
05396366
01496497
04466386
00820352
02435517
01893988
03910033
01807701
10998860
00889026
02502387
08177487
13250048
14239425
08543496
14404160
11923827
04682184
09698644
09284015
09681351
01725051
09627462
04850996
01800349
00348103
00008055
01744082
12215579
13649054
00622384
07874780
07314427
01309109
12712320
09606380
13177354
10501747
13810615
02454657
00073713
01456939
01117318
08521816
09468604
01548694
01623027
10740732
02528534
02079170
04579795
01107625
14655731
09629246
08946042
02646757
03425956
01477806
00368939
13256691
03830111
01778984
00865958
12247664
15144371
01690005
12221943
08419562
00171127
00847932
00765343
00791078
01830183
10355306
02540255
14099933
00490722
01670645
15138401
02565072
10522324
14554011
07560542
14411243
00402308
09425344
12283790
05228264
10371221
08851830
14072934
02196344
08427163
02854747
09609871
01677242
01252124
15145171
02678384
02457408
10524413
00962129
03673767
07213395
09498697
04576971
09189157
02350845
04433185
03375694
05644727
02683840
10512708
02134240
00514069
01182021
14121804
01550033
00395698
07597365
10238375
15046900
04293258
00864475
07383823
03512147
12378546
07943480
09274500
02159890
02471072
01537710
00705227
01385017
01468238
09646432
00800586
07118210
09800631
02194078
01983264
13998781
09697401
05992624
04881623
06515827
01616901
12280886
15256915
13208138
12193458
05648756
00353249
09627017
13518963
04231693
09989290
01232738
10342543
01105259
10178611
00984609
12629187
12623368
02614812
01792955
00838043
02593679
00507673
02210855
08593262
09469285
03293321
09168336
01166926
03485655
01467504
15201116
01326730
02299687
00444309
07736527
02022684
01611472
10659042
00232542
04321534
02848523
03879705
12665271
14197468
07678729
00626800
12597640
03451909
00430370
00663160
08138466
02029663
00330457
00185103
00104147
09912765
01089137
01440655
05490370
01999767
12283147
01141938
00065070
12853706
07314838
02770717
09330913
07009538
11020888
02334302
05509452
11666854
01031563
00060833
00592341
10104592
12377809
00959367
05380697
03239259
01366653
03211117
07458453
07567390
01685439
05576950
04495051
13112427
12990938
02386310
12031547
05503401
01651900
01465593
00407633
08808452
06402031
02099829
05437785
00164658
07233634
07777735
05026508
05293597
10045454
06355894
11655764
11905584
06783768
07903101
14235200
01258302
09058071
00400645
10127689
14498096
01649999
11377043
01983958
03321103
02193194
08143486
06833776
12825061
08356903
00617059
01698434
12067193
01716732
01223833
01505991
11845557
00877848
06527851
04820908
11659248
15173479
10741590
03238131
01987727
05678474
07658814
12324756
11962500
14475661
12954353
06916803
02222994
00889555
05970012
09255207
09960545
02520147
04033995
01192773
05715864
01211699
01017738
02108026
08626080
02546331
06340047
11874707
12571194
07929351
09290626
13792842
01086081
02439929
01411870
12914433
01749790
02723904
01584529
01083373
12745976
06740919
02325366
01890860
02081578
08392137
01741943
09757653
02583780
04815624
12201580
02038329
07763792
06539502
05276860
02701628
01662434
12340202
02646931
07789541
05726345
13252168
04379243
03797390
07480896
00879759
01365355
08703454
01741744
13431722
13418219
04520170
00350380
08929243
02590072
01950731
13556893
01400891
02339922
00918580
02014406
02300378
13716686
01073824
09012101
00842997
01944390
09286843
09961739
07765612
01711071
00889472
09397607
06046692
02138441
05095691
02659222
01752889
15157041
10451858
12012897
02845576
00234857
01597737
10065066
01085474
02344381
09889539
10460033
01529036
01613391
04346679
11579418
11875691
00860434
09715833
01416871
12633638
12105578
02324717
01327322
05199286
05021535
04967191
00647270
01904293
00125126
00925372
01499692
01322685
01237167
11911591
07492655
02546075
00242583
09424118
01669643
13214645
10693824
07532440
00386715
00480508
08546183
14112255
13210827
01454246
12899752
07813324
10126424
12403513
15197042
12510343
10482054
14901959
01466303
01731351
12412355
04189651
01244178
08638442
04655168
14431471
13081050
11733769
01389875
12848499
02505606
00912833
11768242
10782940
01273814
12494115
03350204
09756637
02277268
01574270
04182514
01581166
08926381
02275773
02603926
14480772
01809592
05941037
04953380
10695555
02070430
01631072
15256245
12203529
00352331
02448318
07682316
10513509
09504135
09396275
04388743
11684739
08367880
09682291
13272059
02115335
07416714
10720197
12612913
06109227
10523519
02877704
00591006
05275466
07313518
00319406
01589217
12740514
00802136
00103140
10379620
02783994
02044659
00072730
03913437
00412048
01352574
00077698
00741911
01621994
03648066
05564590
01246579
07195404
02368399
01578513
12015076
13489037
02518324
09834699
10526096
01126335
03575240
02988679
04054795
05531666
02557790
08600760
00774641
08273167
03818090
01929467
01558765
03032811
04550426
03289819
07251984
01525295
05654783
10234340
14195939
13639647
01516534
02448200
05072663
11828247
00847683
00143704
01069190
06117562
01750421
09036098
07861421
13863602
02879718
02415435
13022078
09643545
04585456
07906111
08252211
10099375
11250287
01554139
05000537
00474308
12077505
07788885
05602132
06765656
01478603
02316038
07539511
12779437
02266269
00840630
07148573
13221807
14597758
00026192
07859284
01993549
06691684
03045074
11123262
00407328
12353754
00839023
08860123
03552169
03608661
02299269
08714795
07555014
12412606
13513747
12111399
04448511
01661655
01316288
00228283
06856884
00626428
01201693
05554051
11640471
13411533
08245549
09941383
01022178
00096520
02018049
05640433
09090825
08904533
05284333
08513718
01672168
00447540
00972191
02112826
01294791
00400083
00983982
03770679
03089121
05352291
05734559
07440240
06713377
04831031
08726305
01163847
03606719
08732116
03048412
03788195
01976220
11301279
05247369
01258719
05221895
12004686
02070874
01943949
13978033
11751765
00732552
01627424
10822338
01817130
10791890
11943824
03864356
00668112
06447897
02570282
00390198
00812977
03542333
12334686
10327475
01596479
09921409
00742051
00750345
11804604
00437852
09629477
12585629
00180837
02163982
14639921
13819207
07453063
10317007
12197211
14405774
08078020
00188252
12789767
13149039
09102883
12265266
01369204
08611954
01802159
11643354
00949619
02478936
01081001
06258228
10502046
01500372
02551668
11723770
01010118
01960779
12902887
00102974
09171560
01731353
00127286
01412346
00142361
11073061
11606379
01534147
09614315
05529286
05909384
01318478
00272448
10745770
05806623
02186690
00350889
02217334
02219234
07144039
04356056
01348530
00028010
13561521
12965209
11429458
12927013
04974968
08033829
05483890
02056971
05274247
01736822
02122580
13405296
02646377
08521623
02562085
00558061
13187604
00455212
07844867
15187451
08209519
11874081
01481599
05993367
08210411
01437888
00823827
00540701
13975752
01993352
02764398
06994329
13889843
06904943
02489288
11684264
11094611
03671473
01078050
02550516
02246628
03830278
11817774
14447816
04915866
03966976
07267160
02298541
02519862
03089348
02412440
01225970
14419510
02703894
00153061
00134780
04528256
00156839
02732827
02823124
03929202
05447757
12117912
13558003
01665761
15206744
08855126
09941964
10403162
01362623
03209910
01748318
15237567
05971394
10120671
02625975
08299493
01931140
15032661
11523839
08112096
14146273
09151216
13664808
01892849
04169707
02623194
01711297
02598211
05824739
15159583
12570703
01521014
08299307
00251809
05717115
00474762
01220152
00594580
01823013
07569106
03982060
02341475
01021128
01563005
10268299
11635433
08566707
02096756
09222051
03008207
01186428
04055180
00192659
08396760
10767519
03830582
01975312
14719725
09648309
12296218
07223170
00799383
09844770
05921868
00675219
03324928
09062320
08075647
04487268
00448466
08428756
08729971
00032539
01188485
07483622
12690653
00017531
09264425
14244726
00446885
06927486
01457206
01678519
02447896
05908520
09147618
09920106
02372584
02309008
10268629
06733227
12162181
10697519
09853184
13304340
00907340
10814953
02664769
00260648
02588871
13511755
10619492
02469928
15022776
01512921
04800359
02324901
05422668
02614788
13366428
01108148
03357081
12200315
03679986
04845475
02154508
02073714
11064834
02091165
01329026
05001482
12128825
02052675
11243907
05897553
04823866
12554526
07488875
03718056
06760076
02469443
15101361
05296775
08728462
02493793
01792287
01412085
08394423
09160968
04363991
04722715
04467307
02342109
02444662
07729225
05320362
09005712
12234176
13630545
15287830
02493666
10283170
10165448
05004294
10428004
10415037
08983105
01761120
00397760
01709484
08124971
02604954
06943771
11466701
13651218
02492356
00045639
13635336
13199717
09084483
14960090
00540739
02841315
00808614
02216710
08969798
04715947
02301502
00912048
00083809
08218393
03381776
03003928
14796575
09292751
07002992
07956887
10161867
10978842
00375071
02437136
01930995
00239321
12370842
05772356
06013298
07537259
00304349
01256417
00346839
01107544
10531557
02457586
07411350
00727012
00114431
08849753
03731695
08563990
11667562
07489714
01081852
01025089
01501160
01920048
13395187
02125409
07496463
01289061
14504889
02332445
02696503
00118238
14540564
14343597
14993137
08248157
05736149
09773962
10410668
07962628
00492410
02506361
02382204
11807979
13227009
00321936
11802076
01963571
14790979
14290534
03817062
06232880
12926480
03663433
02048051
02384858
12499439
02174830
10369417
12813393
13753274
01393714
03405725
12286197
00810598
15254550
01854519
12405714
11348160
03082979
13838386
12918404
10794014
10587378
01724231
14662574
00882802
00336539
08765315
05129565
13249400
06544841
14753808
00651935
01785392
02510905
01107932
00176756
01004582
13187167
08903872
13662703
01596273
02635794
13456567
05320764
00885858
04058239
08018189
00622068
02485844
01667449
12376950
07556637
09685398
06180720
01936048
08547300
01527774
00896688
04840011
06669384
05780104
12935609
00567418
10481711
13994148
12797025
08565894
09322930
02861022
01722980
01616086
11564734
03572449
14598525
12787565
12030654
13980288
01735308
08925957
01641739
12587803
02310000
06809074
00752144
00752764
02247226
06477371
00270005
12099342
00504676
02338449
01269633
01372556
14562683
12264786
12576323
11852255
00857424
00636061
02426339
01468948
05474976
05915584
01173660
12699485
07972674
15120346
07908647
07750146
11105054
13179410
06837357
06715223
02291940
00386676
00326440
00884011
02499178
02047148
14934031
09910374
00343334
04188643
00527034
09165146
12742290
04779649
00070816
06858779
02542598
00818170
08593924
11900569
02460619
12565912
07632037
00637145
00920336
10001882
11830570
11328714
05962043
00944449
01215902
03091907
09178310
00217014
12664710
01962671
03726233
01096454
02456493
00346537
10593115
12311894
04118021
12293723
03138534
04076713
09445088
11516113
00606119
03279153
11798978
02701393
01293389
12822769
00282790
02498716
02256365
00447950
01803936
04767347
08306194
03511426
00920778
05866822
06211078
10940669
02697610
01698916
12562577
09192708
14034177
00140123
11766432
13077479
05708432
02672831
04063661
09287968
13622769
10932898
10226803
09883740
00124617
02512922
02685665
07293180
13418047
01055978
09449282
01910747
02209745
02074677
09992538
07718747
00744904
08893492
04455442
11327744
08558155
07642471
00835609
00963570
02587532
01110880
02000547
02081060
14159623
13033577
01401517
02395244
02189535
14496710
00900214
11663813
06836714
02465145
02381460
03244388
11105298
06552320
01752495
02458103
01569181
02034300
00311338
12090702
02120079
02962938
10236304
11978035
10070942
09667205
11941261
01177314
01518924
12165608
00073584
00161987
02037278
02348927
01540969
01070102
09984298
02080924
08805122
03427296
00497060
01563724
11040381
07977344
02435386
05631449
00919608
03123553
06818747
02630468
02507649
00510922
02262278
00669099
01740320
01266895
07574602
00044353
10166394
14806838
02593019
13416345
01069391
01624833
10523076
00751779
03238407
02578384
01489859
03101667
02262542
02064358
06796642
12618336
00651630
02237943
14671587
09753642
01743787
14200873
04127904
00584954
10171567
02319428
02753881
00287560
11482140
02732603
05868954
10209616
11783162
05301752
04604806
01983481
04990021
02100632
09129926
11895270
10048001
00058519
00180770
05635188
12393086
11907267
11967744
06420219
02417301
01024763
00039297
02369390
02201644
12871074
13428608
14521648
02214972
13794417
05122099
04259468
13006377
01517515
07335716
00499924
02254531
12462582
04703424
04523690
02557591
06946497
05559908
08227916
05775407
02107588
03748162
06768735
05694232
05755156
10805501
07822518
11876976
01195867
11905236
02825442
11412993
08278324
00741272
00381567
00728393
07035420
01124794
00355252
08414608
05829480
10435716
01540697
05623181
03371728
05837957
07721325
01485839
02405101
12192877
01134037
11655592
09809538
00197419
00442669
03094520
14451911
00105554
00729108
03112869
00027064
06486405
12769815
03562958
11722199
00343730
02421199
03033986
13908201
05329215
06707382
00058337
14883206
02145767
01794195
06491786
02745332
02109045
07225696
00931467
11536230
13830305
12770277
02690093
12834798
08937109
02458747
02515934
12136720
03980332
01880531
01493380
10242439
04004475
02464626
13285714
14203346
03693474
02521916
05986395
13140699
03401500
13962498
09864536
01397210
02487573
02280132
10457777
12080395
02680754
01725886
14316714
02766390
13779374
01548718
00414409
02245765
02767760
12305089
06142412
00266634
01878500
12384375
01499898
14413993
05462315
00445711
01816635
03766322
08031663
13580723
01460029
02636132
12658118
02298632
00880978
08813807
11507321
02301072
02248465
05540407
12881631
10265801
02734192
14113228
00043765
01080366
14127211
01023574
10567172
02741960
06171388
02626265
01982866
10728624
09138538
00430606
05296639
01426784
02049696
05499542
09195796
02133435
11780589
11927740
02553196
10282920
10217684
11306008
05667196
00401688
09453288
06621447
10834690
04849972
03567325
10609092
12020388
12055317
09918554
07802417
01272787
03075097
08487504
09345932
00014201
13226526
01619354
09156241
06795290
03186399
01130930
02955562
00303748
00172710
04668819
00747757
04668139
08429167
10230801
07027180
01883344
01620414
00692907
10595164
12033139
00429322
00480221
02906734
05228732
00364064
01743784
01678279
03372029
02277094
06601973
01808447
11124647
00065575
10603528
15294745
01154175
02065599
09751622
07295047
14010927
00999588
07566340
00799409
02608151
13499923
03981566
08849372
13411157
01388386
00638981
15066367
07645469
01703613
09962612
05222940
01425983
02724966
00590924
03207305
01159025
08566554
05905152
15196186
03381126
01233397
06103270
12231918
03704038
09048880
01044533
08040522
14493716
13776137
01460594
12932966
01329186
04468005
05750163
05209324
01575941
14759722
13988224
12596525
12520406
09825750
01681812
11208172
06384708
04936846
05664640
01681513
11705921
00999817
02247028
01215694
01032368
00275466
00298896
13000372
08956574
12812665
13741022
01933900
13035707
03604629
00726784
06997697
02360497
01225997
02556537
00487874
06724763
14868243
05544725
13785136
03705379
12568865
00214020
01542567
04904352
00251615
01132980
10402824
00277659
04480625
10221656
01916925
09696280
00270275
09013353
04489817
09164241
06531657
00147187
00240571
11127752
00693172
00673448
12494794
00539110
12111882
14287113
01633825
02507968
01363121
00493517
02406749
13044149
14861355
14753414
15288111
02525543
00895680
12033310
14214355
10440717
07424109
02037090
09646608
13199445
00866079
00166355
02040505
05113133
06596179
10307234
00237869
12556656
02726884
07822323
12714550
11485582
02514988
02644035
07072698
08087570
09267854
00772189
00590626
01743605
08355791
12630144
02308852
03854815
09242514
12377198
08687709
00453935
01793587
01575146
00414179
10503452
09904057
01070777
00748155
14640434
01600197
15127307
02191311
10639047
07185325
02294436
14456138
10266486
08088963
00280853
12603959
01148182
01309478
01925338
03066743
00963283
01742967
01301410
08688590
03950899
13852395
01985923
00858188
10183757
04894204
06631322
02533907
07238102
02497983
00066216
07837362
11800565
12396924
00608808
07963987
00102927
01791973
10659762
01866535
00463543
06276902
10386984
09421191
00387897
00278221
11985739
02670382
04482543
02441723
13176201
07892512
12600417
01198779
04670746
03384535
01970342
12597006
00908133
02933304
02587084
07024929
04989657
07083958
14311348
09829923
13382766
00096648
12581230
01084331
07123012
00406053
00233386
08620763
00076400
12939479
02578233
04893525
05254795
14982265
12329020
08771277
05594037
15211189
05762998
02984061
04627000
01364184
03762434
12328026
00137279
04809784
11851395
06613686
02676789
02615494
05802547
12204032
02551494
04758181
03560161
14902141
02372813
02906478
12034141
00787465
05142180
10472274
10789118
02316180
02561888
00261533
02699941
12927354
13277179
01918010
13198354
11875100
04518132
02637637
01870275
01824575
00784342
02263378
12437769
00377364
08085535
10506915
04200637
12149751
12594324
05126849
09323470
00141396
08923586
02194138
05695554
10205344
01965464
12497492
00155085
11816336
03150795
01909422
02697120
00588780
02008796
13633229
01765392
12441183
04202417
03318294
08174995
02394068
03610682
01085677
05095111
09981834
02479323
02135726
00926156
00912822
03881893
12240965
03471974
00473572
04045941
03020927
01271107
02655523
00420712
02188198
02180529
00240938
02950256
14560926
05572940
02544086
02868916
06612266
01186208
02258291
09048303
08493493
12972966
01878719
02175263
12327528
03480186
00946105
10408552
07224774
13999206
01139623
09305358
12406488
03441778
01678140
01746359
01649170
01958898
12643473
06545960
10226060
08732807
03942244
01627786
04973957
04636250
14698698
08944818
01070566
03357716
07082573
12869248
11877193
06250061
02033805
08386555
00619738
01507143
13616054
08770718
15228378
14491625
02900219
04733640
06647614
07476623
01280958
10848122
00964110
01925469
03040229
12065316
02935658
05310790
03412220
01989669
00373130
08387930
00551585
10701180
00009147
00758972
02482425
09248294
07537668
10365846
00851103
01299735
02212062
01600478
00258857
09388848
02707251
01110517
00617989
05494365
05946687
10401829
07895237
13601483
05418717
01948446
08926877
08180639
02976939
11318171
00943436
00992041
14961512
03832405
01913707
00053609
04861486
08919949
02003994
01593857
09408795
02408903
08283180
12670558
10576071
02907985
09852826
06471345
02518990
01544692
12258101
01600480
08698379
07391863
10898549
14190736
01586791
01529766
12966386
00611433
06784639
08191987
10012713
02967791
13246475
10947403
15274441
02042046
03686130
11605147
01015310
12714949
05702275
02344060
01466996
00746232
06513366
02628647
02655180
09146813
05018542
11851578
12548804
06618822
12450099
03790512
14128812
06677302
00067990
07046543
01743313
01227190
04357121
12959371
08058098
03169390
07972279
10044682
10002760
01840092
00467719
01624707
04412901
02156532
04584207
10614225
01469080
08798195
03658373
00272878
11420376
09828760
00673983
08970189
10340312
12587686
01254477
03470222
02436067
00713996
08341330
01412548
04458409
01923058
05566504
00789391
00597634
00194170
09657887
02285548
05349659
05836921
00691879
12798041
10827155
11269236
02424128
00413239
05978472
05517837
00344942
05769726
00122661
01363482
05651680
06732581
08902196
09707992
12822115
00071646
13314936
01741864
11980867
01784427
02714315
00259643
09014850
03761084
14286549
03163222
06877742
14785941
13874558
02624167
05105265
09173417
00372607
00284798
04300080
02140357
11527014
12051792
08000304
01621635
09953615
05740929
10464178
13970236
02959912
00737399
05333259
00118268
11766609
14429985
04865722
05615258
11902200
13143626
02518161
12376740
00182406
01781071
02900705
12936469
00792304
03525827
08307589
01771246
01653610
02227773
04624959
01521124
04289027
00901103
15233411
12989739
08977211
03797703
01621219
00481941
09712696
09871229
00795785
12332422
04815321
08558488
05064722
02192818
06877381
00790509
08646306
08684769
03758089
04501018
07771539
04645943
03494706
12202936
02568959
01762839
02628337
09936362
00952214
00306900
05405554
15093482
06143154
04424936
00004475
06892358
00814850
13893786
08984788
13725271
02372326
10248198
07247071
00575561
01958914
02621908
01782516
01053623
00347420
01248023
09779280
00198477
12467811
06226934
06249910
08874469
01437254
00971075
02456505
11530512
09203217
06501918
13978709
01589363
01061017
00715769
08772307
14334511
02575455
09289331
01657641
14820180
12455950
00852685
08933084
00118523
13020011
12714114
11801247
05147237
08331525
08013176
01695681
00540946
08251303
15274074
01068380
15232406
00066685
12900462
02660940
05374980
01059743
13029946
12559518
09008454
13803782
00878221
09983572
02300018
12760132
01778990
01079172
02754756
10758847
11503644
08164585
06534132
01087740
12185859
07086861
07852045
03239399
01085793
01288052
06196071
05521111
02082690
07366289
07738353
02701210
02456275
00792356
01131043
01818704
01076953
09251407
12698283
01552192
02198996
00074624
12220654
08544813
09161090
00868196
02151966
12908645
09893502
00156601
10476928
07348870
01548576
14843986
06851742
02591205
01194125
01432353
03068707
10498699
14705718
08751317
01652850
04648207
02060792
08891889
10597505
02037708
02169497
13028070
13296899
10091012
02234181
04799344
12721864
11385126
01252566
00818466
02085320
14322699
02654416
10752930
01007222
01207527
11691046
07160635
05788029
02165146
04107984
01183798
00969260
14842992
02124106
00058897
03171094
12519563
02347220
06515662
08245059
12706644
13800801
04348359
06633692
00285414
02298160
00783246
00341109
13650045
01208597
02069271
03326948
00927711
03844550
00317594
02253913
09183693
05646926
00803208
09165613
01730799
02527651
13408023
01683271
01624987
05010062
09764381
02833793
08770932
14659512
00733317
00386915
07235335
00629176
00251780
02304797
01876843
03804311
13750844
00135504
06252743
10287082
02226559
12297678
09626031
12805561
10135297
11978233
12781659
10751785
01928737
00479932
05805902
01890274
02097925
08626845
02530936
08727606
12437513
01109259
02788689
00362348
08094013
00105778
14298102
05658826
13472518
08062970
12598247
04284735
02678070
10384772
12499979
15274863
02338975
02057656
02071506
02399791
03739693
01304944
03657239
13178107
02080291
01536344
00802238
00705517
12824581
13628761
11788536
01914415
08097766
15268682
10431330
09213076
10762064
01577513
02357693
06516955
03464757
02609169
09340203
06700030
01146039
02404573
12969425
05689645
11835806
06144081
13928668
05841351
02637380
01014186
10431514
06715927
02713852
08303862
02113430
12787007
12570394
04853948
02083863
10894652
06637350
07644382
08987879
06765887
12965626
01646528
11313507
08678253
08041840
09198574
01986806
14157163
01064863
04401680
08775439
15163797
00240293
00841628
01885032
14471224
06362441
00879540
09716933
01627965
01671125
02530861
02718178
00187526
07108123
09021313
02407521
02601200
12572546
14058563
00652659
11607392
00893878
04092959
04463983
09030096
00677544
12659539
00755447
05450888
00202236
03579355
02233943
02652922
00161044
09927089
07959943
09545000
00854393
02641571
01118081
00512267
05245626
01637982
00636574
01663169
12151615
05917477
06433035
13806140
01955009
02646378
02257715
01235258
02649082
07261782
02470899
06253690
04497570
03957567
09026360
03307274
02023396
00669366
00840809
08813156
02247977
08025497
13356112
05110185
02171039
02753642
01786646
02073532
09449127
10036929
01415256
01076370
05560787
08837864
05779116
01808769
05280365
10804102
01700934
05431926
02368563
06959261
12192373
05128370
14814531
07208708
09933020
01504437
12884260
03300578
03110322
12412987
02259005
08817418
01891145
08016900
10536134
06161048
02205219
09857852
01960900
03756184
10030277
00694681
13745270
15214068
00299680
01693453
02377703
01181559
02564146
12505032
12457519
06982221
11880610
13723577
00763630
12375518
01271428
03853734
14156976
00605715
00216561
00738314
05579944
01054876
01048330
08199025
01230283
00451648
00546389
01655577
10434725
10482921
02330247
09821831
11982939
05723210
00642045
10368113
03064076
02080146
05954366
09142887
12750306
02706605
10735298
04972451
08396537
08031020
11712153
06205154
06431496
04493505
09751256
01432474
09636106
06609909
01471825
11717239
08787466
01210152
05471181
04900739
00852506
01979124
00433778
02654256
03365991
01922717
04105893
08933437
08073992
09159546
08391387
02220518
12577686
01710190
10034906
00290740
00179718
11634970
01408929
12307611
06212650
00608978
09731571
02005598
14732472
00795720
00917772
01274341
04911420
00628491
01507175
02909168
07288639
03871083
09615465
05965749
10569411
07567707
01809977
11983160
13049285
05780718
00781000
10171755
06589151
04946553
00258665
01858441
05372593
10373998
01937795
02108377
11922192
04632157
02668393
07560903
01547459
15106271
03347472
01249483
01294330
07184545
07350754
11228153
01352010
05673908
09785786
07013736
13940456
13548105
04155310
09503877
01726960
06015505
03113835
13193642
04723816
03568117
07443210
05302899
09547353
02251065
11778534
00469637
02071142
12392070
07381678
10387196
04218564
04072811
02075764
10549925
04460947
14748335
00751131
02386612
13931889
06729864
12352287
13445296
03544360
05192451
05172596
01196316
01984547
11431617
01836384
15037339
03786417
01947275
11429968
13076181
01611516
14652104
12929237
00677038
06470073
07398097
05294819
14447908
01590007
13618076
07313636
09054480
13486115
00958880
01421622
02066450
01965747
01721718
12082357
11054442
05453943
13629309
13948136
12351975
02037464
03597317
07848645
01412479
11953610
08731606
05093581
09709001
14372286
02050921
09074431
01142761
01607590
09818022
13621011
10411356
10805783
02534761
04633197
12894607
00611972
10335563
12803517
10300303
13245846
12298003
02237868
02909870
01288554
01927159
00178575
12043248
00073828
03130073
14544672
03327691
02125641
01430952
03771443
07309223
00669000
01684133
14553590
13840719
02692232
09156666
01880937
13366693
07884182
14406573
04497962
00064479
00186161
03362890
12140137
14892989
01666802
01503736
00805034
08624385
01828736
04253437
10760340
09180967
01017320
07335581
08847268
02032646
02757810
05953416
12082593
09768830
13403643
01601234
00043480
06128570
02256354
03838899
04521125
01940034
00293760
05844105
08892058
06438748
05937524
01748906
02116568
01037303
01151097
10425946
09880427
00224901
01475953
11706629
10011902
05143690
01590171
11431302
12266217
01914947
00695448
04796086
01872645
03082807
01064560
01042242
02912440
02309337
00660957
02711987
11598100
00797303
00294884
07812790
01895757
01586018
04118776
01113473
02534492
13308864
13248598
03466162
07919310
01642943
00183053
05590740
02571300
11460281
01167146
12774891
02503517
04739630
09011151
00845658
02136103
01839598
07769886
07527656
07159276
11541919
14037011
01943213
00212414
00808855
05240211
01584004
01104624
13617308
01227137
01104852
06081833
01149303
02788148
10077593
11998648
02170269
09938672
02201252
02277663
12309403
03350602
10538733
07710283
00629257
13032115
10057714
01350994
01790943
07471514
09071690
06513764
02070679
10336411
09867154
08841956
09439433
07768423
05086740
01068184
09054350
08780380
01749394
07047804
00748282
06890254
01507134
11015080
02000618
07344528
00285557
00171882
10859669
12171503
09144117
04472243
08877382
07253637
09906538
00772640
03241660
00765213
10175725
01917434
02500749
04705324
00236289
08991491
10822962
10018021
06608143
08949737
01027924
01053144
13774115
14085708
03061505
01225783
00626188
00624553
00821295
01541803
00362103
09924540
02512053
08959495
05512337
00831191
02417070
00887463
00203753
14302005
00443231
03600806
15010703
02292692
12793494
08597727
04256993
00114052
03743761
00788766
05301526
03026350
00135013
01972298
05274590
09048460
13837840
12671898
01130607
00495808
05521514
02641035
00343898
12343480
01593423
12950984
06200010
14018567
00082241
00669762
09440400
00299580
07252764
02554066
03756624
10669357
00769453
14395597
02176073
09099526
01544208
05091316
15165637
05816622
01059719
10691937
07646927
01644050
00880227
03345837
05980412
12771597
03519981
01449236
10782471
00416705
11879291
01199365
01850315
05364184
03724870
14365356
12744387
00854904
12331415
01821869
02178244
07902121
09856827
10233445
05097845
12954634
02439732
02020450
07255998
08376051
12734446
01819600
09903153
13284562
06532095
02393580
10203949
00182269
13038944
02237631
07254594
01370913
08213424
12727518
04236001
07152948
07220773
07223450
02473307
12537988
00867357
13508651
07170753
02235911
10208189
02121620
00960562
11431754
02021921
10214637
13111504
02765190
01453433
02755352
08491027
02675320
02438897
04711435
02869097
05258985
12936826
11796318
06715638
00223109
02735086
11004106
11085924
14778436
10827873
11415721
10177150
03797548
01933305
09213828
10372076
01235355
09947127
01514655
05826914
03659809
09037133
09111366
00306314
08743229
02296276
02915055
02771997
11101000
03118790
01885239
00215314
08018666
12172364
12864038
01683724
12329260
00325785
01311896
06986558
06791017
14911057
10593745
05582305
08350470
00360757
12963140
00433216
10150940
13452347
11238303
06304059
00702434
08587174
00904046
00454624
02677797
03639675
05539012
14295389
02023992
02152740
04011409
01854223
05264081
10544232
00605783
00977153
02540791
14355901
01026728
04424003
01382917
13988101
07162194
11750855
12517253
01181902
08385009
00744506
07962295
01020936
07571324
10712690
14096724
01249724
12426248
01800195
15089645
03173524
14525548
11600372
01549905
09119277
02822399
05331404
12054902
01054399
03685640
08143163
02098550
03489162
09340452
00976698
01651487
08910668
04120842
10751265
11977125
10420277
10670483
14628119
11903167
00066025
01447632
04091839
01647229
02573075
10693052
06725067
01577659
13575869
12508077
04646990
00900583
09905050
02169352
00196084
00855674
08617963
01259380
06333653
03556281
15136723
02497824
01820901
12931738
06709245
02438774
06590885
05383598
01485673
07208000
13066129
11083064
07402147
02700064
00899597
06837679
00946806
01349318
07936548
03534695
00225593
13460991
01484083
04332243
02022804
02658867
06552116
06838437
02609951
01595596
12622875
02068541
13558696
12842765
07821107
02066707
00850425
09001580
09691435
10266848
11672400
02137710
14565696
07926127
02065726
03110183
13885836
09680504
00623151
09228619
03679384
06073888
05621808
01003049
02131653
09065328
05879441
04538552
13866144
08390511
15218272
05530429
10690538
08708481
01166517
08404549
09027292
02607909
10285135
01864038
01963730
01358572
01660772
13315616
09913110
02863464
12132299
00218475
10012989
01789270
04560113
01631903
02957586
02099019
13543564
02658670
05677504
01237398
13156083
09148662
12139575
01948077
12662772
01755274
01368863
02315277
01995323
04936403
00316989
14854581
03206718
10138242
02247363
01017001
07490214
06827947
00121865
02805443
12171750
10890637
07350192
09721244
05023233
12898628
09114262
06777164
12590842
02213690
00568483
02150948
05559727
10621514
02673139
02346409
05841151
13611567
00119873
07127252
00513597
05058140
02481436
01716882
03250089
00035603
02358091
13043926
01746191
05325378
02167820
09795639
03516011
10965550
06063588
00216801
01570676
01488234
00689950
02064131
15192890
07665595
02569151
09452017
07073208
01361261
09020961
06431740
07184735
00139544
03733925
12772557
02680531
04214871
03956922
01448951
01062253
15105955
11785475
04825383
11763142
01219706
07094093
02542280
11962108
01863410
13286801
01238058
05280512
01721169
02600798
08279298
02820798
08477634
10161178
10910580
00937895
00769092
05455912
01957739
13860793
02198021
12860254
02623868
07272172
09631129
02303917
02167052
02064608
01638438
02389346
12168385
06957140
01199035
13065902
01937015
00278117
03621473
02034971
13817526
01256332
04690196
10348526
00083334
15104217
01277431
00968479
11088059
01921559
01855447
01732532
10715030
04928903
09188094
09669125
02106662
09308398
12765846
01804029
01115585
01347431
08849226
01093380
06609785
13752172
04192698
07432559
00985106
07668902
00104249
10469611
02264885
01323958
02027730
01888264
04990220
02147947
04171459
02210728
05689801
06884790
02153387
10474064
08630985
02501101
12556030
05623818
00298041
03009269
06820964
09845401
02181863
00310201
12363988
07291312
06505517
00977336
02484813
01413188
05941423
13237788
14253124
02574489
10594284
02043207
07800091
02278939
10091564
01594514
06789411
00850192
04620216
04341414
10481268
07255791
01024190
13659604
00732224
12681141
09639543
01981702
06261922
12036533
05015463
00611481
10012815
04945057
10032524
03904183
02234551
00884466
00451461
10982450
12459275
08010364
01192510
00886978
13458268
00172505
06501748
04011827
05104548
01967396
03718458
02574516
05138208
02281093
02286027
09538318
04335435
00395333
00933403
02152812
00625393
03768346
10179291
01090446
01243089
01306853
11702428
07577538
05898171
12469936
03216562
07897600
02515713
01284908
14144064
02148377
10769459
12806015
09112282
00005041
00645939
03234164
08228665
10671042
01217043
00267681
02411427
14931879
13510433
08030481
06436183
02344243
00447309
05564323
01475282
01347678
08962610
04126659
12777294
04196080
00292386
01349735
03585438
00193486
01834053
14919819
01111375
02185337
09848489
00853835
13534608
01905653
06837787
08586825
07906877
03697109
10120085
06421301
12101870
07757312
13161506
07345166
05123760
02030442
13744722
00306102
11994827
09464652
09622928
02574910
10015897
02663141
00555983
02853218
05809192
05280998
01367083
00523645
00002573
02362420
03117420
13120211
00849332
06907728
02021438
11962853
07983856
14852450
00592652
00940384
07109196
00341040
11078982
07642933
07033007
03949442
05568767
07521039
11644046
08230110
01733829
02234781
06874391
05981230
07888465
08475722
07724943
01612803
00212173
10828573
07790081
10263684
00168911
01235137
12727729
04753799
01670051
10733999
14343735
12589286
07949463
03878066
05582859
06371734
01207609
01126846
04864200
01044114
00866314
00482298
07231048
00435778
02124623
00326291
01483707
01206474
14653596
03699975
01526925
00954271
00159177
11282802
03287733
01204055
01706129
00331950
11176932
15022171
02592667
07736087
08719705
09310460
10148165
02191449
10892564
00152887
10588182
00561226
13724838
02336483
12180168
13460568
00079398
09974648
10691148
02761834
08934694
09438055
02490430
05799761
02651014
01005579
12749679
13536794
02919275
11900986
09146912
02968473
05613794
08095647
02443424
10773126
00644839
02499434
00355955
00616153
10563826
10384392
00196024
02534559
02552894
01884383
04370048
04347119
01694620
02062670
01007924
05613478
00549472
00757856
04691178
01872635
09370773
10163723
00163592
13978166
00772381
01513838
13872592
10383816
00036362
02490877
02299801
07246582
02158587
06591609
01530678
03028465
11455092
02073065
07598335
14341432
05633860
10451590
01483188
09028841
07968702
08773098
01381913
06919215
00229280
01794344
01930485
06576265
05263732
00233614
02209508
04113765
01737875
01476135
01510576
10397001
07128527
13617468
01017826
02604760
07244613
01949973
08285594
02608347
12834408
07750449
01536916
10610850
11402463
09222880
01136614
01259034
12771192
05846932
14159887
03763968
01351754
02396716
06072275
11725015
06612649
06705079
04660080
01837363
03807537
01559340
09643078
14752057
12198286
05526384
06546261
03943115
00200768
02462602
14548343
14050871
13794034
06449361
02437707
01594978
08515126
10776339
13517553
10131268
14399438
07029819
04030965
02595902
02458517
02946348
13973320
09510305
12448361
02344528
01320669
13433061
11011398
06946823
12497322
05314919
03018498
02292272
12344131
12773488
01791535
06172502
07163988
05909730
01985128
03963645
10484739
00205649
01021794
12877041
12420335
02627835
08434259
00123170
01941704
05578095
02050132
00140393
03886432
00316460
11894173
15124545
07370125
10213652
03885028
01940248
07776545
10538629
02827606
10217038
01145015
01785971
00878052
02502085
12801323
08028623
02325884
01949966
00473003
00049483
11956208
01991472
01125724
01046006
14557898
10290919
06520944
02544274
04034262
13190469
03387653
09637512
11857528
03015113
04965661
02531199
01553879
03482405
02537847
06520222
02715941
03932670
03247083
05385534
01619725
08595720
10551265
01322223
05905348
04785669
02543565
10774440
15133621
01074252
05065717
13143758
12579593
00049900
10770059
14431169
10245507
01383896
02549211
07429484
02169833
00625774
03707766
14014162
00197423
08541454
02038791
01745722
10550951
14776924
12251740
08045681
00100543
12860842
07425011
00204391
09625789
08246613
04623113
14576242
01184814
00165178
04915687
00272123
01793933
06184270
13644522
02144251
08877208
00933420
10117851
04384406
00998886
07084166
00619142
14473222
06056923
11693812
03298211
13858833
04384593
04862005
01916738
01771194
02975212
07545594
01060746
05565937
01849221
00203213
13424183
09756500
02635420
02658979
02276355
01009190
08975617
02228341
03907654
14648100
04449796
09868270
13806735
00799537
05447599
10584021
02596381
04365484
09532214
11859981
10613505
02714200
01147950
14580897
13757249
11502102
00770141
03071552
02052090
13841651
01071155
08185211
10693646
11967572
01322854
02438383
14443532
11603630
00969370
09939827
06608977
12553314
05313822
01723690
00589318
02328429
02563497
00512522
00092293
10803282
00916285
02421921
09931640
03547054
01089878
00744916
02696129
00959827
04460130
05794694
00810385
00791372
14072423
02461723
12379278
07956250
01095899
14805550
05275651
01394464
09401474
02420430
05056490
03313873
09843602
04143365
15207556
00528667
02487718
01988755
05641959
10344774
01684941
02852523
13063784
06990000
13899404
06961399
01480880
13542947
00117385
11872973
02045705
01140839
00152558
10679054
02639087
12463574
05728678
02121511
14835478
10522035
07733005
00049003
01281154
02446512
00302394
02928413
00911752
09058841
02363818
00676693
02093056
01682920
02286294
12509476
01972017
02629111
07790601
11858814
11862598
04613696
02610980
04707409
01804414
08399378
07893891
12846335
12624873
07634751
00706019
10915862
00695523
05417472
02015168
01196802
01103614
02495922
03918480
12130160
07423001
07708798
05797597
08181375
13518432
01648126
04611154
12030265
10661732
04918210
07500414
11919232
13508333
02126382
01583373
07186661
01600191
09102517
02671224
09780676
02960690
00595785
01272397
07171940
13006171
11573660
12736603
03412906
14864961
01932973
00228858
06837251
07818133
03076104
07310507
00817311
03814112
08206663
12470512
13032923
04210390
03495258
03120491
07065562
11046169
00583933
08175700
01502122
03138669
02539752
00475183
00381680
01991931
08748076
00107875
04350458
11510067
14855280
11695974
01972976
01821132
08971404
07545415
00363052
00100235
05915811
05544264
14576468
08713136
00334803
14113798
13206817
00640385
02523953
06236602
12643113
03187751
02425532
02646072
00160688
00965035
07722052
01906823
09624559
02215941
08254331
06889591
12300840
00975902
01890792
01192150
05466892
12577895
12378080
09064264
05611062
02802544
04044498
00634906
14004572
01248191
03320046
01850373
13720600
09879144
00797299
13370448
00373766
10016954
00132355
02562585
02963302
12680125
01312096
00802629
10510546
00140264
05969194
03302121
02055521
00387919
05987522
06373747
14064644
02509919
04801532
05554804
00518303
03596285
04585626
06193727
02535896
11799520
04549919
00320625
06125698
13861050
01576917
09972157
01429953
12465796
03331599
09239740
01127623
00983824
04241394
08622586
12519328
07187150
09225943
09367991
09885866
05233100
01734502
02849154
03371363
00112628
12449024
06839858
13636989
02413131
14375890
10870235
08750334
05351746
07536245
02723733
15206296
06825120
15068436
01386494
01610666
09380817
14955030
02454119
10685853
01443398
01632047
12763529
02528985
09053801
00022099
04783724
06523132
02447542
11870607
01518047
01834213
01894649
03634189
07139316
08133536
06212839
09145083
12141037
10095869
01609549
04381994
09007723
10623354
05607001
07681926
05039709
10938363
02069248
06117855
00022316
02503803
05670972
00781912
13394179
02620033
09356639
02449060
00075283
01226215
09148970
03314378
01075117
03713736
01088005
12553742
00063095
01038434
02059162
10542888
00616361
03866908
02723292
00896555
02574651
05922305
12849597
00737884
14242337
10578021
06272803
11919026
02715513
13206178
09541809
04232153
06023969
03851341
02559752
11618861
12876032
12216628
04968257
09969869
02025043
00168217
10355449
03458552
03069213
07339941
10506762
05434784
02632989
14386130
02900081
00257770
00150287
12668364
08713772
00922327
01585577
00061792
01420525
08184600
02454794
00964569
12797860
08789970
08753933
06355459
02511107
01252425
07519773
10026763
02109645
04143712
02688403
06047275
08757569
14015731
05219297
02052511
11770969
12521394
02484473
02744977
00425278
07668215
07569873
05154517
00106843
07321517
11764231
13930385
03754295
02269143
01299888
12397594
02594250
09013830
00851316
12506784
08419984
02970408
05710573
02570038
07566863
00952182
00366547
04617562
06878071
00413432
14692682
08704822
08590172
08505573
12729521
00732746
07183660
01680836
03584111
00376807
06560254
00731574
05810948
04930307
05179567
10020366
13423489
06054892
08905936
12370549
00791227
00711523
01043231
00249721
01050651
04092609
08426816
00530177
02021050
00589103
00198213
13206584
13964466
01168961
09199341
09022831
02253766
04947628
02071837
02570267
01566490
06727758
02728142
05779371
07468692
08997487
06876144
01538629
14705533
11940915
15272029
09309292
01011166
09784564
01700076
01998741
12006766
10384214
08902422
01451176
04058096
01388813
01111028
09030382
15030853
05929363
03274561
00648931
08266235
08729283
02535457
08621598
08378819
07370410
12975982
12602262
04729710
10492202
09823287
07762114
01648001
01931714
08368308
13632744
04393095
12261359
12493426
11007332
08810051
04520618
01152040
00036178
01918744
02284803
01625275
10254392
14473655
12374418
00504592
07159791
07747811
10661563
07221756
14122497
01660719
13659943
12364379
02517202
12807409
13291356
14827191
12526946
14744841
06694149
10218989
03497182
02011560
03577090
02037472
01648993
07445265
13359690
05475878
00921014
11416534
09004625
14471926
00948071
10583916
06660942
00574735
00328502
07051975
13742358
14500341
02345856
13492453
12766043
15254028
04997472
06617644
02496036
05059132
14618253
11702999
01240979
02483915
08628414
01477394
02693168
04832716
09084750
01976146
11698895
01496978
07964495
08154012
03693973
07215377
08759420
01322509
14730553
09395763
02198532
11606661
06718862
02261386
04736757
01816140
10383689
03844045
10754281
12139367
04952570
09141526
00593512
14958405
00153809
09620794
05861067
05229198
06243096
03595860
08772137
10626722
14386697
13607405
14761122
02340360
09727826
14686020
00671351
02248808
07322550
06335832
03901074
03316105
04801877
06756831
13333047
09433134
01156115
03967942
13989280
07212612
04221994
06535980
00529582
00421125
11218473
04968895
03615133
06204406
11506167
12365670
12281974
04418644
05781800
03748456
11822300
12124627
08739206
09965134
01618053
02165304
00463007
00391086
02494866
07323922
01052782
05509889
03346135
01249616
01787401
02873839
12474006
14301785
09931165
01197338
06781383
10094782
08638260
06429145
00841091
13398241
00467913
01133760
03255648
10402086
00429713
02458675
11107901
15218149
03125870
10725438
00325502
04413151
05732756
02882483
11238092
04625284
00720565
01987353
01555305
08582837
11989266
08177592
00497705
12638218
02637938
02122298
12092262
12199564
12923839
01205010
07197021
03086183
12032215
04432662
09409203
05609884
10681060
01756291
09981540
05106928
03800563
02380980
01139104
02035656
00568879
01534609
12473405
07770180
04701039
11903525
10362195
05315095
06732710
13463490
00115500
08682819
06827219
01934440
00872541
14953564
00147862
01111750
02446888
01711965
14754192
09490352
04777421
02058794
07039056
08711655
13063936
07240925
00184802
02018265
07781207
02789487
08425888
00713818
00213903
02689730
05754197
02795978
01928154
10213180
13892897
02296153
02269003
00721098
03189461
12198140
00093775
11567411
12747961
03038685
08381436
11698433
14727670
00168564
00162236
05588551
00133338
08988068
09087599
03049457
09319456
04939324
03299006
14704465
12468900
01449586
11435028
02077656
00351048
05934780
10282014
00327362
14066203
01874568
08349916
12489815
01521367
04321804
12909252
04867130
10897312
03045337
02504017
07379963
00366521
06452601
00591858
15146828
04110439
04037443
15173353
11455901
01299994
11630351
14204586
11744859
08414119
08417920
07121157
02279772
07658958
08492747
06389553
04125257
06336537
12474167
00301338
00151087
06436443
01320314
09027460
00882961
03610270
10040945
09133010
12613706
13771828
00830761
01121948
02291024
05136150
11484975
12310153
01452798
11274812
04947186
03491988
06844903
01300655
13628419
14402922
07299569
02092309
15128711
11652578
00959376
07508806
00300317
05667951
13193269
00907930
14116908
13878634
11109728
01882170
10229193
12014739
04855138
01252216
14299637
14116321
13762836
08936303
10209731
02239997
02125223
13261779
12326842
09840217
02102398
02300554
14824238
00378521
14918994
10070563
04806316
02500472
12356668
10051337
01693138
13260762
12942270
00518395
02184797
09862845
09270894
13262462
00382493
13875392
09537144
02633844
01482754
01834304
03144873
02193799
11060103
14414715
02660442
02578235
01646134
10271677
08763500
07667151
07528097
01415807
10778345
14433769
10034614
02058074
03068473
00960734
11544314
00664788
02501275
12227909
07754684
08851034
00866423
11993203
00964694
05249232
07412668
09075007
01894520
04901326
00438178
03201208
01667304
10266328
04904560
00185465
10029068
00153263
10247044
00363260
02932019
02424984
07959269
11739809
00908772
01787955
02631041
14716042
07404798
02055649
00659112
00010241
13950440
14870924
02398681
01751621
03670622
10184822
00775156
10939856
07545161
04034641
12697360
00571390
03391301
01651059
00635012
00786816
00947439
04802403
12957608
11910271
04670022
10782791
09463919
09799607
08578174
11750508
02101046
07909593
13187367
01613463
06026635
06258680
00260051
01409523
12716166
10479561
02407338
05765415
00398704
05722427
09734885
01440344
12819953
01177118
00345761
04329477
01226600
13266170
13134947
01660082
01328513
12327846
02007161
11327398
12316300
07971298
11814238
08402693
00039950
15094294
08848094
09837824
11642430
07775197
05578740
00768921
03824284
07375525
12058822
01479009
01349495
10342180
03011355
05699172
00293916
08061042
01664172
06720964
03501288
01302086
09871681
00405360
02237024
10521662
01967205
04787324
02749778
00186001
02664136
08945277
01176431
09821086
04754237
13363970
00915605
01931277
14788714
13942875
11115558
05758059
00164152
05899087
01081456
02085449
07326880
03421117
06743506
00144850
02785648
00464894
07302164
00013160
13992514
02304982
13603305
07114712
00877083
01488245
07520411
07828642
15004317
15216966
01219551
08975435
04735233
03321419
04704116
01105097
13504497
14857021
07249426
13311368
00853195
07595751
00625427
07648549
11756669
00049636
07575510
00163047
07123552
02720354
10680609
01161087
06294441
01101958
12683407
08951077
04686388
10720964
10216403
02359061
01882814
07650637
00027705
05277728
03996655
00353992
09235244
10205985
00381013
05961278
14635092
08473482
02014237
03660664
08912559
00288970
00293141
01944955
01387301
07858595
07134850
06062407
03138344
14825062
13212025
12309850
06906971
07284554
04474035
10045713
07971582
14617427
09542697
07214432
12258885
11443721
02100176
00504901
00591523
10291110
09708750
00741478
07040939
06865345
11598686
02284662
03463381
10341955
06277280
02166460
06466030
04890865
00789237
10728828
13880811
02459173
11414608
13408641
11699442
04858455
02899439
06776138
13566535
11412179
01280488
03435382
06154724
12929061
00425451
02386845
09491966
01848355
05258889
06546633
02582919
14662281
01830042
02982790
04159058
06403969
02600657
00177448
10767020
01557697
09156889
02464132
02172870
12775919
11940349
09134999
05100269
00378706
01195299
04334599
10927824
12242668
10527334
02166229
15217911
01550953
04412416
10801291
06686736
02402010
10117267
07302542
02474780
07584423
01477525
12543455
07886849
09106770
02206270
11697158
05999797
07733712
02920369
10249950
01019643
07921090
10625285
01949330
00764031
13286099
09264803
01643464
13216475
06663617
06436939
13624509
11607739
13723470
11731861
07886057
01919931
11862089
01050627
02622033
01737417
08563627
02082056
00917211
12605519
13531652
09917345
05501185
01155090
00835294
02144243
12341412
09154607
02249995
01038666
09343761
12649065
10985440
13860281
09615211
02229550
02605316
10369528
06350127
06554981
12119947
09826074
01150370
10346015
12697021
01601550
01484982
06510977
01255967
00763713
00248368
04657876
00716130
05753954
05845140
01586541
08771841
06343971
10084635
01848465
10582746
09720406
02432867
00785045
02679899
00803394
07436475
07780627
03433434
08365855
04096848
04923743
06685198
10338498
12511856
03233423
12476036
11878633
01801847
01549719
09079505
12790835
10941714
08541130
04748836
08155302
01428011
14676943
02137538
09910222
12148253
14285276
00748616
10514429
11946051
09310806
06956287
03944672
09904556
08071516
01180206
08083320
08909537
12550210
07820960
10050880
13477462
00288017
15257553
08518505
15248269
06209242
03030663
02015685
00173764
11307262
10149867
02642238
11881426
01207149
10105359
00615774
01376082
15166742
03802393
04626280
07776866
08377806
01564394
07152463
03318438
02055975
07412310
00439826
02275799
11899027
08322981
01371756
05985381
01570969
06438995
01455754
00095121
05038593
03052464
12744277
11833373
05802912
01380118
03905730
00827638
05500312
14175579
14799601
02259212
06954048
12214789
00220522
11450869
10170598
10734741
14678406
14286885
00617095
10322238
11120834
02277556
01544544
06418901
00798959
04285622
11968104
02102840
12485811
14063633
13582013
01391391
00325110
01616318
00898804
00683280
00596290
02870663
00333037
07128692
01016002
11807849
01003885
03138981
09754907
14051201
01371092
08295138
09940987
12072419
12646950
14627081
12372233
08521267
08775597
09802050
02038357
09607630
03163973
01531375
06869951
00575720
10063177
08950407
00926472
14195315
06427387
00845909
11772879
02585360
09966255
02638596
04438742
12555720
02494356
01352996
00853958
05219724
06438477
05539454
10277912
12474620
00023473
10457597
00973728
04692908
14103510
02167210
06274921
01029671
06688522
02992529
11417672
05989479
00458754
02239528
10741821
02446651
02277897
11347080
03175081
06197664
03283519
08753294
04013362
08161477
05412649
13931436
01315213
02163301
03101796
07533097
12421467
05627785
01127245
10595647
14204950
02073545
02229385
01918669
02267975
06721461
02532079
00818553
13424865
00223983
06575681
01017550
12024445
13717728
05517406
14367341
03034860
12317919
13811900
00857517
10419472
10254965
00451838
02757462
10292192
10006337
12741586
10486679
00707366
09070233
04049098
05298729
01849746
12724942
12400261
02917377
08040762
02581289
09684476
11311011
05666700
09292189
00250710
13424643
01741562
02865931
01257173
13496517
14500047
12236363
01443831
01633578
01245813
12942395
02739861
03125057
02371647
01254473
02761134
05528604
09893191
01899708
00835032
13860548
03013162
15032376
01555172
04769049
01692579
04956110
00858060
00591236
05867413
00578508
07972888
00837098
08180484
03738241
06787037
13883885
13515958
02690373
01692713
09933411
02117772
12316853
09189411
04338359
15109127
03603199
03807895
10409634
01594362
07434473
01088547
03003091
01860337
11511176
06629858
01420304
01901447
02430045
00429440
06376572
12933403
01822602
03754979
04894552
01884703
01625666
06784003
02538985
02208280
09774167
02948072
12313005
14801921
00082308
01062997
08241309
02578454
00378664
02417504
02927512
09636890
00775702
06891493
12330336
14193711
01284444
01384275
11792742
00107739
01911053
11501230
02299924
02266864
12620196
00776059
10564098
00101800
01706488
00941166
05382135
02180046
00031264
07940552
10289039
11694866
05891572
10752093
01528087
06547059
01426077
05551939
01166351
02251247
01086356
02002384
10604275
06991277
13730189
10596348
05535869
00279835
07735294
02035425
05514081
00986275
14719893
08763932
00281703
01107254
06479665
02210119
02486232
02972499
03670849
09313241
01667302
11700401
00671190
11817914
06691989
10261388
12803958
14910165
11501381
01467370
01621555
14562142
02293915
03574816
03281935
01707149
09008130
10587227
00309582
14549070
01930482
01484850
05279953
12358173
04089666
00948868
15101854
02513269
00748515
02769241
01912893
02397529
01443021
03456024
07613671
11991777
09095023
00419137
06936149
02542795
01365131
02019021
02621395
06598746
01871680
00870453
09799213
06804199
07792926
00085678
01811736
09781650
00546646
02223479
08457976
02354781
12586110
03018802
01882081
02128120
05597188
10237069
04945254
02510446
14713748
12110630
01983277
00487653
15256022
05272110
06541167
02896442
02011281
06343117
07735510
13359941
12485122
05696425
02622859
09810867
15006258
07327288
03258730
01160370
01546660
08946812
01110274
09633969
00620752
08787049
14324274
08439126
01590747
05788149
09838370
01003729
05561834
05207963
01016778
04146050
11222914
10541106
00694990
09681973
08964099
14451349
00571738
00146856
00731159
01381604
01517966
00051942
10356213
03720665
11707229
02310328
07950418
01365549
12055073
02272552
10812800
07338681
15025397
12162425
02321046
10214230
07978423
14254102
10785333
02706478
06435394
04712735
09217638
01060198
02223238
02451415
02260183
14837364
12996841
02074915
02677861
02217997
02128385
03953020
07534430
04026813
14940100
11270023
03909160
01802033
02314321
12800586
00702969
03177165
07464969
11389619
03204306
07515560
08948155
00650577
08192557
14989820
00763132
00965542
11955770
01724055
07432337
01802721
02468618
01633173
04864515
13622035
12184337
08083599
04993882
09959387
00167934
00595684
00263231
00650912
02389592
00932804
03046257
06062842
07972425
08225581
09781171
01677989
00932636
03194992
09488259
00095873
00269140
02487347
07300960
07374756
03219135
06178812
00743641
13602401
01329239
00754942
05544575
04105068
00082870
10502576
00750730
10668450
10169419
12142085
00376825
04005630
02326198
13224454
08747054
12356255
00332017
03068181
00593108
01988886
15174218
00074038
02724207
02909543
01620575
07156693
04135710
05772215
01219075
03157987
10422540
03907227
00209943
02439033
03034663
03014440
02028556
07122118
10008716
14388910
06672752
02034828
07886176
02896789
10708797
07367548
12766241
11874300
01835087
00730499
04460634
05790572
02393401
13449714
00849059
15214840
03400231
14298815
08774704
00876665
14836468
02753255
02528163
01796582
15169759
02182220
05479108
08876975
12140511
10712573
08389572
05717747
01288057
00195617
07606764
10460286
00235918
00418025
00553407
11822849
02431785
01243674
13998263
08646787
09942275
04841810
12024690
09945905
11412727
02308214
02545153
07011529
02641201
14821043
00375938
14033587
01949435
00155298
12116881
10023039
02213074
09158268
01391569
09543021
08600992
06365467
01843055
11780148
02679012
00135578
02074542
12402051
01190172
13149296
03055159
09769345
01966377
12239880
01658586
01489722
00177127
01425076
05449268
12825301
10634316
09984659
01017987
01593705
02040872
10170359
09354984
08584449
04017429
00531302
00419375
12773334
01696282
02491906
12807773
13812607
01932151
01048171
06171040
02144644
01396458
00767334
01979901
02599958
01559868
14617597
02254110
02400378
01347298
01214786
04508163
02061069
12534453
08970833
00612652
01950195
02226429
00205543
01499006
13381145
00191980
07455151
07241837
02469835
08208560
00558883
14634591
01555586
02589486
01098869
02629581
01798484
01675190
07434942
06158185
00560293
01763482
07360647
06656741
08079852
01708778
09014586
03196990
01545883
08840374
01253778
09075170
06366581
00417482
09135993
12699157
12779603
09139380
01618671
10569744
10738515
09275016
02631594
00431552
09460888
07752109
01317723
14377617
07900406
05548840
02964634
09544262
04085873
12381931
06006777
11896365
00684480
07020239
12173664
13812296
00411009
12548280
00374534
06506757
12325497
14029405
09113479
13479380
08037861
03623556
02290196
00452512
12008017
08464324
13191318
03656484
01498713
14120310
11881742
01550761
05191486
05544078
14499594
00982852
03494278
04879092
00638837
01261018
03658858
01556514
00291004
08543223
08766571
10793168
15136147
02549796
15050898
09887034
12376553
13358549
11031420
02749247
01086945
04385079
10698064
11835114
02263027
02274482
03921337
14015266
00845178
02739889
02621853
02044778
01633047
02549581
04892344
05710860
14706749
01576695
00779248
00533185
00839292
12041446
02620578
00502415
02005399
02373785
05596004
10126009
13391118
00695761
01972283
01491661
09110784
01966586
08748280
12533588
00214951
01538928
13576982
02309841
00590047
02902816
08917881
02129709
10462429
13228017
02382087
01765908
08786855
11675096
01374767
02357072
11899921
07371293
01200440
01556671
01683428
11319570
04659287
02475821
01944217
03199647
05585665
14041256
08463063
01804478
00006238
02023107
01001097
14458593
09729530
10161363
04931965
15227593
02720201
03142679
03967562
00298556
14750122
07094355
06008609
12090318
12629666
02109818
00718573
01613294
02491590
13504173
00901316
02819474
00493460
01740283
06457952
02432511
01172252
00707624
02225492
01640383
00788564
02451292
03867515
01085337
01573627
01797472
05566366
10006511
00710415
12241426
01939598
09774783
07556970
02992070
13243261
01467180
01900408
11975254
14779205
04854389
09673916
03438257
10733117
00420132
05821775
02024763
04835724
13711060
05193338
08473787
00888786
13310230
07922764
03716656
09998101
09482131
12264621
07089751
01994176
04371430
02343056
09542339
09017005
02397744
01191975
14959472
07135080
08598823
02559862
09429934
06583178
00396642
05459232
09068107
10059904
05580662
02188587
02422663
12214245
10729923
11455386
08367683
09975425
01416020
08765623
04837232
02176261
04099649
10642151
09651123
12391477
15167027
04088797
08397675
02700104
04621314
00450866
14037619
02700258
01598432
10482414
14704640
00586262
01220636
02222318
13729902
08427282
10172793
00704305
02381726
01704953
00929718
02588677
01004072
13726296
00828901
09618957
01720980
10648909
00331655
09974496
00434919
05363676
02410855
12786464
08214470
00503164
02192127
05659621
01101391
12532886
03696065
02827883
12921868
00156625
13905121
00639998
12936333
07250727
04543158
05979350
09059274
05247178
00177963
03484576
14049711
04273659
05309591
11807108
00566569
09326299
01484717
05404074
11612018
06609403
08109772
01072262
07635155
13148384
01020356
05168261
00962190
11216100
13665027
04378842
12219495
09819860
00941719
13035521
07947958
07997703
00135285
09772330
00882045
10365984
00839194
02615298
00870312
06826214
01779644
07961016
14468508
04826999
09042924
09565999
02719399
02273326
01041762
02661892
01642671
09951274
01444887
02641825
00038262
02623906
04371774
04204468
12299425
00630223
13236726
06371413
07581775
02586543
00502952
01053207
01121070
11492833
12413642
01325536
11689197
10058155
07504841
06637973
03980026
00936456
01292928
00888150
00928630
11973888
13300922
12047586
09184405
07295507
10752719
00239230
10042845
00012434
10143595
00593613
02619122
00465291
07254057
02635189
02377764
00881441
07084560
00929362
00719231
03340723
10383237
03024746
05597594
01924505
00651759
12007560
12020507
13053608
03225777
07688412
09038597
09326139
02037989
12636885
03502509
04741311
11958316
10636598
01713764
11633116
11158982
02296756
00382010
13349395
13727333
08083083
12811501
14873951
09284589
02453373
00005815
15291801
00689205
08454191
07801091
04067472
08014860
12526516
03880129
01516071
09227839
02958343
08198398
13188096
08605261
14728724
06540702
02316392
06193203
10364643
02794779
01883212
01562116
01106504
05939432
05546383
11717007
02200705
00345149
00312266
12100187
12582665
13913427
01302365
02698178
00658619
01389507
00128976
01934205
02620213
06405699
10676018
06309383
07047373
01661818
01609953
08482113
03099945
05244239
11853191
03662887
05635624
02064745
05735478
00226951
03604843
01756089
10656969
02505809
13400798
08912012
04776699
08984223
06655388
01219993
08932568
10743543
02457825
10225787
01786760
02537960
01273491
09898215
01352059
15233989
12044269
07292694
08144308
12748534
10221777
01281611
01902568
01989053
08407619
05652593
03156405
02070466
10390199
08918944
01367069
10843705
10330189
00383952
08799462
02034004
13390857
02042672
04810865
13064111
02512938
06583790
14666510
01239619
02351518
08346490
05934550
12702443
12691834
01127215
02861509
12986084
01043189
10450303
01930672
01712704
04978792
03785499
13365698
10932495
09439213
07441619
04002026
02491107
08329113
06461609
00567604
10024621
01143713
05426989
14777606
02316304
12817464
04291511
02237581
01898731
02182109
00520881
02256998
13845838
02585259
06150933
06683183
11873612
13413493
11155814
00489299
07187486
14333136
11972141
07723039
01932643
01319001
07561590
12950669
09610255
00996102
13286254
04317420
13850674
02240377
00506377
07485475
09030596
00248026
04391569
13064678
00611802
12284262
08414381
07534108
10251329
00714531
00188137
12635151
02263848
10723300
09454412
11459538
04189482
02663849
01993065
12129525
15212739
15203791
01096860
02502902
02142064
09237404
01889520
00313806
09536363
14982681
01409940
00827730
09409512
11234152
00552458
15071229
06779310
06882333
10856799
03045750
03777568
00364868
12967776
00583759
02490247
02203008
03743577
11764814
01265475
07799278
04865502
05833840
00476819
02376791
02619738
02460502
11980088
11596486
02837789
01053221
01427278
01926247
10550551
01449053
12986447
08832691
09143205
07535532
00558181
01477538
07300092
11045898
12864160
01461152
05750657
13133613
03290195
03323703
01523105
05936381
10347593
08936647
07880583
15248020
12542240
08647616
13289467
11167595
01249991
08928083
06837465
01474283
13376012
01757677
09433952
00165971
14622141
02361981
13422061
09300674
02446206
12274630
03339296
03995535
14233267
01587077
03946532
00357023
05895723
00140967
02840935
08507255
02094569
13629132
13895549
02617689
00457327
01948154
01435000
06653160
01906328
01301080
01778017
10069296
07332691
07448717
01270343
11984144
14755804
04547991
01258852
11447851
01376894
02594552
01556572
00604576
04871720
07120364
09420030
08038131
07313814
00551065
14204095
00031663
01640207
01277649
01719302
01545303
01449974
01578821
10002031
01176897
08506641
12717644
07939880
01850676
12052630
10602470
01809752
11795366
01298931
13154841
02838014
01145766
14213328
02144792
07090573
15129220
04169437
04828255
03578656
07090108
02674564
06780069
06764623
06890846
00768483
05750027
02238113
00838524
02130190
01934427
01279615
01695257
10075299
00029025
12609842
12484413
02391193
01606018
05359828
04323819
10686313
14457041
10085101
04039041
09761403
02853016
01111816
02471690
12275317
12319414
05006020
11781430
04376876
14392639
07453195
12579404
10499857
00783902
12576029
00319176
02962013
02622969
01945381
12550788
05968971
09522978
09851165
13259797
09451864
09263619
02011810
01572910
00553208
08778061
14426449
01034685
09171674
01189282
12574727
01265740
01886756
05137557
11797981
11756092
01708542
03503997
00847478
10614812
05161614
07286999
10127555
01968315
08996871
03647691
06618937
07859583
03802007
00476965
13721387
15100644
01705934
00277935
10743675
02144442
10293861
14864360
00856342
12742041
13162297
07390400
00891071
06782680
11086774
02598642
02228874
15255195
01878466
08855505
03047941
02003186
01872401
09286318
00261957
12579038
08820121
13296752
04302334
01018366
11729478
10189278
12451915
00021554
01571578
07169480
01498041
02404906
01532434
01134479
02846260
03427656
02732072
01029114
06511874
07977592
05762149
00447073
12927921
01229071
03357376
08186393
07011387
11798270
02244773
08140506
10133644
09260907
01052618
13632007
02424305
01503061
09263087
02748618
04652930
06642899
07761611
01876907
08736107
00045907
01052853
02691156
15271008
11636566
01628449
05580929
11697388
05309050
06291318
00477107
00673710
02271427
06615818
10742005
02548522
05527085
08852209
12045352
01463259
01125693
10552486
13425245
05968450
11121640
04849241
12662379
04025748
13621418
02728570
01864634
02613860
12513426
06753800
11638902
01640855
04635953
10098710
10034201
02172683
02166674
13759558
00588881
03764276
00782072
12231192
01300242
12726670
07351909
04643662
06415061
11283300
04186848
11222054
02634265
06732013
00394610
01902783
07996149
07786164
06746580
15014012
06168855
05319936
01903617
01870867
08775053
03639077
04980920
05146471
08831004
00123430
00305153
02292535
04660261
00986938
14720238
12043444
02249741
07967382
00399553
14515344
01499948
01154957
10617193
02079706
00433802
13024967
01709931
00590366
12587366
10588724
12779851
01264148
00582743
00844941
01618503
12762049
09961605
12850906
01452633
00073177
01457079
00276342
00528990
11157580
02367363
10587605
02555908
01221542
07439284
02263346
00689729
12778398
01024864
08569998
02485631
11124300
03039947
10120816
04522904
01058049
05896059
06837895
04026053
08029908
04394630
10553402
05812038
02506466
10092299
04478657
02921325
04799881
07524242
02005238
02346136
10097477
06991117
11994150
01559964
10134001
01646300
02173336
10902051
02584915
08711468
12666768
10235024
08293831
12703383
01412912
14325732
00681125
00404222
00966869
13495873
12883733
13224256
05652926
06347811
14531392
05531379
05795460
00302130
02531114
00291757
01173038
02940509
02887970
04718999
00846432
00757544
07988857
09152570
06607339
01425348
07490713
01055146
10001481
06269396
11793032
10380672
12398990
04830689
03554131
07599998
08008335
05710210
03216199
05271383
04689048
08207540
02194414
03248560
01844414
10191613
02570062
01837746
05515670
13401013
12116267
00460900
12661045
00191142
14356328
10341446
07194499
10324560
07890617
00523436
08372847
11963932
02147824
01394901
00062203
15295267
12320627
01806271
13740765
08958830
01563746
02888569
03800001
02264363
14145911
02133161
12282737
11907689
12900987
12875861
06543389
07925966
01356086
00249501
09084196
08355075
08136502
09192280
12344996
07039949
10474446
01198750
03948950
01401772
05525391
02115778
01152583
09254614
07243837
05060476
00732091
02572196
11551211
03507241
04185071
11854232
01895263
12322501
06312966
13451348
04562658
04424418
02200341
07820036
09762821
07347051
05632446
00213694
10857540
07416107
00327683
10702483
00081367
08131254
02427916
10728998
02602405
11448343
10278263
03916720
02495387
01732244
03592245
14392862
00740336
14004958
04812268
00806502
00744004
12150028
08701296
12451789
05602548
13139055
07726796
14856752
00618057
05970311
00464513
05471837
15217787
00570066
03163798
12189620
08277805
02399424
00256961
01454702
01773930
03678362
00315383
00491689
10694849
02681524
08289449
14008567
09937688
00607114
09752927
06149484
03826945
06047430
01312810
00561036
06756680
03786313
09756961
02936281
04903368
01165537
08926543
00488770
09416570
08819397
02202287
01961059
00321956
00967310
00616857
11200276
00233335
09891470
00955806
01987781
00238720
02413480
09896826
01217617
02049672
03175604
08289841
07039238
08655464
02400037
06805128
01816887
03261776
04695963
01467675
14048134
11156943
00619610
15040493
13496017
05044822
00857784
00981180
14031108
00479176
13381734
05240850
15010038
13629676
02430922
00499642
05267548
07941729
00788973
00447771
11326591
00372665
05003090
03021531
10915566
01171183
05326900
10516527
14655371
02018638
11828577
01586278
10349243
02071627
14834563
03816136
00333594
14040660
00753881
10110287
04459122
13790133
00574341
11818636
00858377
09499230
10295819
00501080
02201758
10280130
03113881
00781685
02317983
02761012
12906334
00327145
02711890
00539951
08026197
08926231
04508949
08196024
11615026
05367341
07366627
07993279
02508021
12113790
01174555
04495843
00386392
09912243
08879680
01688106
01881857
14737847
14178913
00759186
13215936
03100346
00530592
02658283
12698905
09546280
07212424
07707451
14125466
01803078
03495671
00368592
04781755
02341974
02531625
01684578
01068633
01585890
01362568
00263813
01899891
00411312
08960363
02461014
07720615
09064594
00062397
13586122
11270772
04580777
00701479
00252710
11647306
15091473
01407798
01281184
02175057
03339643
04987620
09088989
01564630
12447581
05290756
02447793
05637558
00156390
12285900
02215790
12143676
02346724
12792041
13190917
11562747
12394861
06917764
04261116
01796033
02220055
11675537
01204439
01896031
02742468
00711932
13976322
09115315
01330093
02235842
05849040
02584145
01716491
00912960
01665541
07540602
00758333
09388121
10154186
00237511
04806512
08798771
15210870
09062791
02610628
02004661
13317002
00635850
07083732
07237758
07042023
02656763
00359492
02360781
00171618
01353226
03659292
14289942
01699700
12791539
08769329
00057506
01625121
11411839
04653627
08130476
01660857
13482330
11519799
08022259
01332730
10403876
07759816
05804274
04420461
11793651
14055052
07254836
02544781
06511560
00284669
01092366
01252280
00985921
10186774
00342443
01798782
12677612
00390581
00859325
14525777
12567768
08813264
03417749
04176068
01206849
02350989
06805826
06781878
13183489
14424517
02170427
01539633
12740196
00289175
03809686
13525912
01076793
03747103
13894306
10644179
01895612
00371955
11991549
02388143
10150071
09258715
08675967
00717208
02261883
00171249
00303849
01957335
12715569
12551877
11377712
01445305
02767956
00218045
07996412
10682599
02458135
07389931
01260309
05967588
13897996
01105909
10153414
14796969
09352849
13286640
08161068
07473441
02347140
09430771
07930554
01709278
07719213
00188000
11515325
04673965
13879947
02051845
01801876
02993546
02046755
11028446
02470685
09456369
12342852
02625612
13233548
03624134
01738774
00777324
02717901
01984416
10257647
08485830
12219065
12716861
01344963
05706954
02744280
12839409
08826306
02453108
07041795
07501420
00082929
11264973
03913343
03448590
02767922
07869937
11665781
00526259
10452752
05423779
02251743
01749320
08197742
10160770
05795044
08969948
12737745
02118476
09586011
09325395
07379223
12555069
10628368
11353195
15146004
00415044
03550533
12074678
01196653
00806902
02318165
14741730
02201268
08508449
02474239
02165543
09351647
02266732
09691279
02262449
04980656
01708106
00952963
01638368
10570019
01848123
06080522
07033245
01859221
10174148
07817024
03546340
07034634
02668093
02613434
00631398
02812482
00365647
03105742
09693809
02562796
00287735
00692329
09007471
01992516
00737188
15074568
12190712
07108453
13471681
00918471
04149374
08822855
05894143
11969410
12940778
03128583
00938247
10226993
10986437
08261589
12117507
02668523
00404642
10200365
02625851
07851054
00463778
10475297
01886488
08543916
08438067
06628663
10417168
11877283
08166931
14013005
11806975
04018667
06530789
00583239
01307609
12664005
02032355
00618682
02767433
14184986
01418179
04834073
00859001
06094774
13614256
01271189
03603958
00324071
01916634
15118453
01296296
09294066
05840650
00781480
02748927
00069295
06891022
00006336
00664111
00320284
14463826
00655792
06696483
02464342
10409752
01349493
00058516
06763273
11439690
01806567
08024408
08225090
09303008
12887293
01014990
01134238
09625401
13903738
00818253
08161971
09629752
08097391
02112546
05220126
11721642
01291069
03104594
00267217
02702807
07085786
03218545
06207029
11504225
04049405
09321901
12465321
07684600
06872122
11296139
13089419
00635205
09017526
02990561
01170962
00296946
08971914
00195569
01651293
00665476
00359903
01411556
01980993
02175958
02252634
00362610
04810035
07713395
01151110
01195804
01764171
03590306
02125689
00285141
02295870
10020031
13512238
00614057
00821765
11782878
00751944
00081671
07746334
01046984
05261088
01729322
04552696
02597004
01294026
02577391
06610992
14027396
01082290
01527617
10088390
01530431
07139873
09476331
06066267
05017230
10596899
01678957
12604845
00176137
12127030
02685365
10162194
01516965
01187537
00403149
10012484
12868248
03901548
04456472
15170786
14708720
09001007
08027518
09792237
01746952
03650173
01031756
01185475
00980908
13984285
05968835
09278537
13202749
01402831
04535826
01615020
00313245
00157081
04338517
02290664
00203020
01767199
02045369
01100145
13148602
10516692
01771390
02481823
09282208
08852389
12624381
00183090
12909421
07338552
14162275
07445896
01932951
05131647
05971621
04151581
13187826
01121855
05766247
00560391
13669006
07040148
00072261
09323221
10731244
06551784
11473954
01108753
04348184
02253154
00072808
05773776
13555599
01185304
00715541
01098452
00192910
01209135
11960943
09835506
11891050
07087777
09087450
09103943
01170983
10160913
01774252
04099175
03163081
09928136
13969243
08728066
06156346
01912272
00983333
13721177
08168978
02311544
11889847
08506932
07191279
12918609
02367993
07590320
04863497
05600637
00052500
00202284
10150281
06172294
02806907
02287476
08468721
12296432
15051705
14323683
00631591
12964750
05128219
05090441
11832480
02546177
02488834
01004775
01368192
11943299
12738859
00347804
07452074
01227908
01644746
13564215
10614976
01520844
09629065
01893666
15294382
03042490
13080866
12372520
06380726
00072012
12601335
02566227
03116767
01102667
10231515
00399074
00114095
06608405
06773434
01384439
09621232
07323231
05034989
06279326
14739004
09342729
02704349
08759013
02509552
03195118
12461466
13203551
02631659
02713097
00950431
12155459
05071027
13384557
02450034
01209953
00969506
08136027
13260190
02726715
03005619
05872982
02713218
05930136
00454237
04539053
00608372
07820814
14899152
02277895
08993288
07537973
01033346
02415573
01322221
12796192
05278395
08844557
02255462
06199142
01784295
00424869
02660769
01593254
00717358
12822650
11722466
04559275
02406533
09863339
09729387
02959942
00101779
01726390
09066799
10777299
09934921
00964343
09206985
06552470
02123298
07565259
04927445
00486018
13625884
08804845
10441694
08962951
08034028
03198951
01354869
14025755
02811719
01986185
15256567
04596630
13080674
12135049
00367066
01967104
09034402
01359070
02336011
10928140
03265874
02208537
00556313
01041916
01290435
00784083
13276330
02635911
00980176
15275598
06920756
02216547
02253592
02233767
00331842
12357343
00376994
00061290
05361391
01603316
03322570
14422871
10691318
08991878
14911530
01350283
01537544
10406391
04340750
01033527
06644393
13914608
05460870
00076563
02279127
02338386
12188985
02911158
00400101
02950018
11301809
02693246
00315020
04454240
10622053
13979173
03350011
04416338
05685363
12011067
00886699
13981403
00666058
01876530
07832902
01039330
00311687
00512043
01304466
02419515
09025451
11715430
06568134
05552607
03768132
05116590
12937388
01735189
07233542
14428404
07572957
08993144
11306175
09067277
02499312
08028148
04416530
12093769
05802730
14736972
13931145
04188064
04243727
01996402
00699485
01500091
02352804
02804610
07215185
06929279
01443537
00141524
12006306
06651577
13150178
14647623
00595333
01625417
01592456
03393017
02482650
03006105
13167078
08954611
04152593
08247021
04889527
01158190
03508101
01466472
02557902
11623967
01002956
12166128
01774136
09891079
13450636
08236963
05751794
12617559
00134136
03930087
11940599
01076488
05888929
05828263
00901789
08429052
08157405
01466828
15143276
05982152
08744236
11537665
11981314
07202311
12302418
00658798
03139749
02514187
02687251
07536437
00309990
02022162
14886579
05307091
05500594
14359459
01894040
03689840
05070453
11931756
12501537
02434976
05247621
00487554
01928390
00048129
00953923
01763829
10721470
10718665
03984381
00562935
00166146
05841029
00633329
07302267
10442815
00642980
02961505
01216522
14151884
02218173
01111458
01316619
12148079
00271711
02499629
05587034
13471206
00060477
09936825
02377418
11237075
12411922
04008947
15063699
02258065
14869975
09170633
01843238
09547903
01757547
06598244
02008396
01930738
00474017
02216066
01944617
00063277
00804802
09240051
02195951
11044168
13784366
12791064
01534433
08067077
14313661
03147509
00955601
00855301
08761697
03681148
07687789
06714288
07828275
14578940
02177644
01596887
00280930
01968732
11703669
04685195
01942869
13999663
05700401
12670334
00070641
07905474
02518625
01560731
06949591
07766530
04234969
05910940
07127911
12644283
07124736
05542539
02225911
12980231
03282060
02069569
13025197
04913839
01221684
12124358
04713332
01013434
02244396
14574846
02359324
09167767
10667187
01430111
07400361
05177285
07020538
06976680
13290002
03873699
12317296
09736633
01769843
10319580
09802641
02977438
13514880
02921753
01814370
00594836
12251137
00865808
07927512
00463469
12670172
10323752
02337480
13524399
02089420
01963876
15097209
15106143
07477945
10341660
02656218
02359775
14424780
04839154
01984695
11512650
02206856
06263609
02743050
06571301
14475405
01149911
12226932
01823528
12906498
13597794
12280487
05495571
04649651
04689450
08042856
08947319
00616083
09004992
01629276
08738715
14855724
05160574
08033454
02545687
09019726
02356230
01821266
00292672
06255354
01592892
07051185
11267949
01156834
00693633
03511786
05324553
06979014
12023108
03820318
08089627
15224293
09630641
07305234
14443912
11926640
10753546
02662239
00252019
06031248
04878861
08591486
09816771
02617956
00276813
09622049
09990904
12533730
14923060
14495589
10314182
01377758
00759657
12559302
12479821
02354162
13902482
02980441
07094843
03565402
01623880
05388115
01518878
00789448
09448361
02207206
08031386
07506569
02740764
09018162
11814824
13452750
00857872
04802198
05639832
02032480
05959578
11833208
00145448
00528339
07819769
01500572
01984958
01106587
00267855
03928001
12547872
14471507
13873502
12376382
04253751
01403805
14297696
06906439
04735929
01259211
00954137
00762043
10225219
06182144
08306665
06400271
00833702
11781850
04639371
04906923
04833687
05722868
01843364
02588108
10149128
07283608
12907465
01044377
00077071
09465459
01579813
00801977
09330604
03996416
13040303
13703942
02739480
01641632
01317916
13174670
01546768
00502757
05607126
03031553
01441993
12112008
11961266
00205766
00733632
08677801
13436682
03295140
00986027
01925372
08631531
04649261
05150129
01261628
10709256
12608941
09966941
13219422
00383542
07816052
07703743
05793554
01159964
10165673
12938193
15223343
14686913
01419888
04539648
07395104
07503260
04950126
04123740
00427397
12130549
01233194
11440012
05786655
00040928
02102484
06593296
08405490
13628955
06721604
04024396
01588134
09572825
04715487
01807265
04326896
01699040
01903385
13263779
03002351
09734294
00350878
14578104
13066631
04031884
01202374
15161631
08078976
01827658
06249177
13547513
13661273
10014939
02173513
10377021
12907057
00254597
12774496
04453910
01935012
05560244
08191701
07339098
01847565
08405267
02630739
10380126
02619029
01077329
01106272
09232165
01523908
03707597
01582625
01228877
02032934
08706058
01019524
08961970
06975132
05070290
02085374
02804515
00634472
13978601
05245775
04610503
09705287
00863277
01711445
14133159
01276436
03134015
10857001
12259615
07827410
00547802
03652226
02527431
04426788
11805380
05197701
10735564
02763714
02660651
00010435
01949684
09801864
01916187
07433973
07139700
02395395
07374152
07211752
00381850
02231473
01292885
02599004
09758173
12804866
01074650
12824909
01542786
12781241
00095870
00785690
00486130
06636806
00570694
09247410
13085113
03816849
09919451
00378479
05646218
14139661
00609100
02599557
11213726
11219121
12509297
05801594
09732903
02459808
04749709
10037922
00500638
11709674
00654400
02832168
06457796
04894037
00364297
07602454
10562968
10421956
01244593
01916960
07498854
07290761
04066023
04489008
06731510
00229605
02343816
13844690
01416364
11411610
13946760
10760763
14747338
06693744
02121234
02419073
10997553
07527817
04322026
10421753
02459915
13541975
08571275
13984082
02662688
11915899
03418242
13773539
12031139
05519085
01915131
08994090
00503715
05054863
01244895
14854262
12889713
11996490
12014524
12050959
02584475
01024392
01645093
13453861
06223468
04680285
13650447
02711114
00101609
12935982
08394657
01588493
12532008
01298573
08241512
13929588
07122730
12358293
02299552
03954199
10259527
11542341
06706317
01427695
12751402
00252990
05074218
06606808
01992503
07417851
06617165
13809920
04682319
00655555
08264897
01449252
10626540
14094068
08816969
10621140
04006953
00661091
00084738
00598318
04143140
08678783
12958140
05457795
12998815
07450651
09823502
00429048
02377651
12745386
02192225
00123783
01208400
04296562
07153838
10717461
11877860
00291873
12317164
10893830
01950657
10437852
07545303
01796800
02606926
08120384
10337789
12498457
13360498
10411867
01693020
00692726
13725726
10117017
02144460
13814601
08804319
01643896
09137682
03864994
01159655
03610098
13172107
09533498
09968549
10026553
10033663
00076341
04341686
08337324
04329190
10781984
02047807
03284120
00234423
04304375
01503101
09277279
02498708
00759944
00644066
06615026
07333649
09088396
10764128
01699896
12746106
02759614
13001930
02433123
13301174
09707400
09022265
01985757
02760658
12622072
01819554
01392237
13080471
07885223
01697986
04514359
10072708
14873641
00858568
01808785
02168876
02768433
00013858
02336451
01648620
00456740
04883614
00684450
11596845
02139479
01622795
02973017
00709625
13252973
07092592
08550966
09341673
02950482
02920503
00086320
14130166
12529730
00548781
09920283
00645552
12198628
10689564
01655763
02367678
00716777
01732713
09938080
09058735
00995119
10277352
11924330
02005948
12093088
02371718
01678407
00999089
08019523
14687513
03782190
04674715
07487695
09120594
01805199
07551498
02325968
12083339
08622950
07914006
01489275
00987863
09155692
02275560
09453887
07093895
02583958
13870805
12863458
00830257
05847438
05606528
07379577
02655694
00153961
03064935
14849880
06787835
10708976
07194950
14370391
04974681
01804921
04886101
13196942
02563182
10386312
13993517
00369864
12979630
01335460
00788097
14133985
05261566
01458302
13350976
04907575
00256369
02630189
08555333
10540656
12568186
12146311
12626030
01755627
11927901
11468172
02590910
00241496
12842887
03585875
08847024
08571139
01372189
12923108
04226537
10401639
12166929
01835769
00502623
14736359
12928491
07196075
02898711
10855047
03778817
14750316
02830852
14858099
06681551
00623370
02475535
01387208
07308889
10000007
13557766
12820434
14139015
02425913
04529962
09315159
09963320
02905612
06216160
14058252
10926066
06967710
00090779
06282651
10619642
00755277
05114781
06338908
11511523
07310991
02117369
03479952
01036319
00566135
01006239
12787846
11002191
04656448
00736586
14977075
01985029
03701391
01422662
02842445
04087524
01245490
02231661
07375405
09369039
06957524
09357847
11952153
07371168
14386590
00830448
08130292
01593156
05743296
14439294
00782527
07971023
11986306
08953151
00304851
09195615
00549284
02706816
01241594
09246464
00598970
07543288
07622261
11746776
12182858
09827363
09185440
12408717
11624367
12802248
01232412
01175224
12910141
10362428
04440749
01923414
07528212
04972801
08910230
10626867
10801561
00316594
06833544
11282286
09723564
02910864
00466651
01933342
14434022
09872557
02289061
00504844
10309347
01691782
02675458
00491910
13630707
08389710
06606191
00483656
07624466
09831411
01013367
09020792
09365863
09964411
06969129
01219544
01649251
05936704
09306257
14859344
09775907
04754862
02059462
14910748
00948707
10717921
05578442
01489734
01020005
12900148
01262936
03879854
10481003
02052044
00687738
02167151
04509417
09957614
10253479
14977188
03362393
11520989
08574314
05827684
01539377
03024064
02465297
01069638
07248060
15262120
12826395
00180962
02572667
00402831
00034758
01852142
12290748
02786866
01979526
00478262
05541509
02951358
02394183
14107374
11767354
11781301
04357930
10313872
00289840
07515790
12925836
01701334
05160796
06467007
08725926
02538216
10229721
08034299
14504726
01098706
12491200
03503718
10756433
01635659
02085742
07032753
15154190
02059723
00995103
08131005
08514865
05006898
15004501
13149970
09541434
11019269
13060451
01190561
01840238
00007012
15069338
12092127
08408709
02371125
08616050
01095218
05314075
00888009
00660571
00670703
00282050
13944747
05430095
12886600
05113929
13491616
00655779
02469080
07268967
02640093
07549536
06808493
12286581
11018153
12964130
00727564
01395531
00023773
00229630
00432689
00756194
03210940
08889657
01501793
05328232
00846515
12904720
11039690
06367373
00098083
04306080
06944911
01473990
01084932
01177703
01444164
01751173
12922600
03959936
09845849
03264542
02125311
01408547
05529159
14005892
02186868
02563327
10138767
00375021
06147522
02288789
11445395
04163530
01816431
02405390
00517847
01472303
01987938
10203682
14635290
11482013
00495998
06254669
00059127
05667404
02907082
02126863
03736372
13404655
15237782
02880008
02207890
01568630
14380473
00684507
10434160
00424767
09242037
05721500
01539573
15213008
01717666
08155765
07897200
00334996
04636397
01927665
01168369
11159698
10455619
13670521
00507143
01977080
00298767
03739136
11867070
00849357
00861077
01588431
00782338
03446528
01754533
01082454
06877078
13498404
02227430
12526178
14427633
02571167
02388145
15260964
01034077
13753430
03718581
11051070
01971280
13026529
03555426
05658985
12003167
04969242
02749479
04065272
00397191
02030967
12625003
00122626
11693981
05169813
00077645
10561613
07560652
08512259
01218932
01491991
00286333
03758720
01272582
10643584
01201856
09695979
12005148
09125354
02619861
10363913
04452848
12076381
02567917
06874930
01366415
05973198
14598937
09796323
01240308
05318263
05477686
04760771
10111144
05412242
14550797
07227772
00322228
14465048
01137138
04708113
08241964
01988971
01829143
06671484
04350905
00815320
13956488
08519916
01825237
05424963
12213635
10329945
05624700
10860999
01481154
02006827
13486671
05950234
06803636
07045353
07772788
14108324
10044879
00261845
08275185
04887912
00464651
11769176
11994718
05161967
01141593
13799392
12653218
10568200
10630188
07749446
14050143
02260362
01591835
00982293
10998651
00829378
01480770
07248507
01419160
12166793
01800286
11699071
04109702
01652297
01572489
14555214
12556307
02513740
01760677
12385429
02682699
11512992
09615807
00127672
05781145
08556491
09180431
08682575
02844714
10008123
13623856
00039121
10644598
00908672
00655987
01453852
03454536
11835451
01546223
10345659
10371741
02957823
11342618
09371360
07389569
02514198
12710577
01169194
02807731
14919948
01689411
08963244
13434878
15088869
01622959
14987695
15126175
11600671
00652803
02289295
11071677
14066492
02107248
10494935
13718451
01378545
12935457
02299039
13867641
11495041
12655869
04637444
12251577
05962414
08773679
12745160
09950457
00541035
10022645
09376198
00962634
01408760
01620436
01873007
09256479
11973159
06955931
04351233
01926840
03652932
01573074
01915365
02262679
02769748
00934199
05701944
05558717
02093390
05922014
00768701
03368352
12631224
07149836
01720773
10916105
02168555
01462005
11668117
10199783
02102605
01993926
10456696
09144323
09800469
00303297
10819285
03520654
07359599
09532837
01981884
05064037
02068974
11067604
02608090
11755319
02867715
01140794
13562862
01059123
11944196
02454649
01091427
03134853
10514962
11565040
00505853
07538965
03442288
02757828
10265070
06825996
00027807
10212501
00485609
00954086
00270440
11637015
00777439
02443849
00628692
12322887
00012267
01946138
09752519
01447001
01401296
10657556
14698884
04289690
12720532
02680691
02002075
14395403
00435294
02648106
01069809
15228162
07209965
11623105
08251877
05695806
04822032
01653026
00508032
00544936
01826364
04433585
09944529
09127844
05598707
12684379
01544285
01406684
10808353
01068012
07803545
00690614
04999741
07784367
04061442
02566015
01255355
00835501
03464266
00104539
02538365
13937554
01911511
14986004
00855933
11167952
06650701
03626115
05930736
05448704
00848098
02568884
08737041
07307895
03041491
02289845
07442068
02643673
03746994
03978130
13651520
13496771
01212882
02320374
00495331
00542711
12575679
14560360
10241300
05994935
02743547
03236735
07199922
12692323
08596336
00965871
11163041
07506149
01540449
00584367
14944888
02684649
04933852
12836663
01734884
01024811
01579260
03534429
01268457
05603650
05301908
00890441
03808564
01811441
13028337
00041188
02246011
07648408
08168531
01236795
13024763
00006484
11070644
12182414
03464467
09110422
00349592
05346714
02226172
13238178
13088096
01012125
11011123
08988333
00524530
13535261
07827284
10035809
09582343
11867311
07413899
13512036
00038687
11700676
11251995
00582318
09268592
00941485
12315818
01709781
01562627
06497872
14857497
06161223
01222360
02302620
01810320
03093184
00931721
02694247
12459471
01782050
01841947
02655020
06016276
01775535
13637376
09032483
12650556
02902250
11480698
12216836
08995862
00639478
00498299
11949707
12497669
06224657
03528523
00652900
01750668
02800793
12547658
01310964
10305192
10686073
02701002
04138977
01460937
02356974
03083069
03452741
07906284
04081281
09187407
15222012
09871364
14704966
13630387
12704844
00073032
13172923
12463743
11999958
00023380
12061380
05555688
01477224
00410247
04076533
01420451
02451370
03008565
02648456
07927197
09694529
08193854
10141364
00205046
00988287
14950129
10237935
02438452
01714208
01026482
09170294
02212646
08816236
08504594
06751974
00267522
11654667
02415253
02087122
02958126
02262324
00258109
10880398
12978654
05626618
03060294
00014742
02669723
13275847
01798352
01158064
02384041
02306087
11364570
00959992
12496735
02072849
04612840
06708664
06377133
10739636
00546873
01787709
05005250
13874073
00776732
04588739
08260961
13136556
01634092
13971065
12332555
01001294
04299699
02507736
13792579
03004824
02098325
02642814
00719705
01424282
04119892
01693881
05036394
08801099
08504151
00093483
01565599
02226981
00764588
10259997
01053495
12590232
00594070
09728137
01821634
11561228
03522863
01307299
00339941
12628872
01374989
02426634
05909585
12110778
11719120
01579153
00746587
13329641
02545045
08615638
02073679
06827679
13077295
13851067
11601177
10102506
09221723
02386388
06959932
09776261
00594621
01182654
12784738
10164747
00162632
05167412
10280674
08386365
00512487
01666131
01460108
07401960
07044088
02080586
02011156
08507558
15067877
14962117
02123903
01522716
00957176
06874185
01136519
10628222
00927261
06802571
12613285
03491724
11985053
02417908
06769392
11087359
06101551
10637635
02031622
05959954
02020590
00763787
10402285
02092476
11206544
04449966
02062017
07514345
12366313
02581803
01353670
01077887
09074834
03225108
09477037
12980840
04601159
14008806
00061262
01397497
12711398
02670398
12522894
14170337
04167759
00696852
02889996
05825942
01031194
03299788
02269767
03450018
04781349
00251791
02091689
06389230
03676175
10252222
08153437
08984332
02856463
14593671
00781355
11919447
09541526
08163273
01559055
03027250
00335923
13608788
01604330
04629194
02632567
11832108
06549661
10725280
02433426
00925873
12610609
11856573
10682038
00244625
00163779
10197392
02566528
06390805
13875970
02738031
11770256
02349597
00086835
13262335
03127024
02649689
12551457
09403581
13736799
07805254
12991488
05503705
01936753
15052223
08779504
08129883
01235859
08325530
02257141
09418484
01446901
04566257
02072355
08656893
09018426
09052652
10239761
13790712
00581891
00169651
02601344
01495701
06460524
02698443
12396666
09679316
00203342
01364587
00128477
08032023
01023636
00274707
02265177
03739327
06773976
00947857
06295235
13439390
08900204
12717914
09209263
08984122
02091574
02236495
10117739
01321854
00364260
12481806
05736002
05793000
09894654
08805386
01457576
06162979
11847841
13984944
07815588
02613181
14052046
11786983
01696135
00621476
08566028
14160903
13534098
10367409
02898750
03380867
02839200
01577635
00793785
07427337
03103198
02492660
12298783
02662076
09213565
03492542
02322596
00801522
09436531
00181258
05217168
09368224
01393030
01956344
03676483
00384510
04872826
03686470
01661091
07749969
05525100
11071177
01122736
08640739
12050295
11852814
03061674
01382033
09877443
00815173
06574841
12107970
11234951
01303547
13985818
04837425
01194483
13241600
04066476
10033412
13321495
00417643
00925110
09301249
09125528
03296597
01783022
10390427
01888295
13152592
02509515
01959482
02433205
01652163
00670179
12726902
14124232
01834896
12318965
05638778
12977795
10352299
10750640
05800611
10086821
12776391
11648428
14375576
06348500
00773235
02613487
01050165
10648237
00906367
00712419
01988080
02870092
06758225
12506614
02332173
02690384
10122128
02471327
04959061
08775297
00434075
00469904
09030467
06522501
14657228
00561714
05827253
10712055
13208705
00466053
05828552
02392600
02252429
00261705
05978812
00746718
01985493
14871078
06947479
01751353
07177924
03973628
12335483
14135623
05934396
10395073
00564177
03132879
04818284
00345817
12774641
01147451
00605616
02667900
09758885
03472796
01220303
03213014
14023997
01499265
08907606
07841037
02711573
01265246
12536871
09534428
02349212
11532816
05979454
11959104
10381369
02454379
03098806
00257269
06255777
00402535
03153361
02766328
00060201
08728749
10183556
07414740
00708538
00519363
03117199
12073007
09151800
14928885
10080508
02001252
10559288
01749582
01363613
12959074
01234625
02433549
03985232
13686526
01634887
11464143
13319726
08913085
11745817
12281788
10740868
13954253
02081282
08771596
00400427
09212572
00334935
12243693
13367070
10388924
02468617
02773037
14977504
01922303
01108402
11677743
00845765
13255145
09812338
04335693
09151516
11357086
03246052
12793015
05611822
01363423
02033295
01963017
07454758
02546876
08054721
01581070
10510339
13479889
07199565
02208265
07135734
05779712
11738832
08110373
06243963
00094500
11484861
08763193
04218773
01876535
01857632
02718084
04834228
01992251
01569262
10351281
08929922
02932891
05405751
04543772
12413419
00975781
08794366
04121511
12281241
14724645
09222742
11872850
02964389
09078654
09422294
05654362
11160457
14167426
04215402
14112855
04743605
01780104
02461556
01964367
12291959
12836862
10703905
01148283
07672421
01515811
06667792
02069888
08624656
01631175
00321486
00020671
11644712
01797347
06364329
02801823
02157100
04742084
00317700
07058296
13281275
04845967
04661706
12260799
10169796
07757132
01666894
00324231
00726100
01323793
04257790
10618848
05217859
06461077
11519450
12515711
01196037
01007463
07726672
09590495
04870643
15300051
14408519
09229409
10669727
13983304
14371913
03569657
12438977
13918965
01491520
03513376
00024047
12833793
04352070
06728998
01463963
09309456
00189823
07882886
09532384
01996392
01675963
10249459
04182708
00061014
09140993
02418341
08919241
03109486
05486920
12680402
12469372
06169050
09107626
01003249
09125016
05645199
10090020
11788223
11377851
00660851
11897466
05804793
09897350
06682494
11594676
01945845
14091254
04305016
14242922
09038272
04426618
01438902
14868564
02244426
05282000
12973541
01885724
09978697
01151788
03067339
13238988
07092356
03504420
08272352
01009637
10208950
00764902
11658331
00595032
01729431
02280649
01984317
02695895
07748753
12936999
15052970
05811214
00158503
02762981
00457569
03961070
01680264
04689198
10418735
09639237
00964478
08357529
01753788
00905399
01403540
01335804
02607345
01104018
13565379
11152122
01736299
00900375
07191777
01926984
04629604
05508943
00589948
03007354
02795670
02452092
08925552
00773402
01526635
11059079
10806222
07348399
00457998
03787523
05993844
02024636
01644245
12969670
15150870
04665543
00505802
07377473
01635056
05053688
09391996
01397114
02661765
14885369
11802800
02158896
01879095
08735345
02392385
14672023
07122409
00725772
12980478
01022906
01305542
08875369
00452098
01383947
01567678
06938493
09438554
01455986
14171682
01008546
02346998
13813591
01143279
05529729
00652346
07746186
05481746
00058645
09114696
10230736
12000609
08614104
01241331
09238926
14848785
01784799
01921887
08158460
05478336
12605315
01061481
10047822
11960084
00677203
01934207
07549401
01087559
12671157
02817031
04663494
03171356
01643297
11719468
04932278
01692266
02208118
02290029
14442530
06413889
11929027
14999106
09314603
05613170
00006802
09096664
02023600
05605944
01313093
03540267
05660937
10112591
04578559
00986173
04820258
04091097
02421158
02202509
10774870
14181713
00553362
01815135
00461493
09688008
13808708
03354350
10257524
01150938
12915230
07560331
09616722
05079866
02310895
01637478
02125460
10246703
12027222
00383093
02386012
02467203
10470460
12762896
00002724
12626353
00295701
07200813
12594165
00723056
02019574
09041199
11096801
00408852
01820664
08013653
01418667
00840980
12546015
00843325
08378356
10678662
02122983
12356960
04694809
13405962
00489837
03700963
12862828
11595312
12942930
12679876
02569130
00656292
01711662
05034473
00100253
02080652
00274283
01483131
02543874
04687333
02246166
00176618
00747671
02063771
01034932
14491271
00121366
00825951
12858019
02681084
04764412
02117170
07644967
14439447
02073041
06928047
12611815
10084043
12967504
00294452
12455540
04792127
00564300
02281552
07142566
05040275
12189987
06782019
09848110
04059298
05716342
07254267
05713524
15185007
00103317
09257949
08812399
06014043
13011856
07730855
03302487
01169433
01325774
08645212
01161635
08246036
12342043
04945530
09306840
09470550
00309792
02479990
01891865
00479734
13624873
11765277
02857023
03074922
04586932
00936465
13801424
05059525
00882220
00777522
11295196
06795746
05581514
00549106
10347298
08192970
11812358
01844917
10916325
09050244
07121361
08303504
10712835
09011679
01883920
12254014
06245084
04882622
09343422
02366825
07742704
07720277
02192570
07248801
11942487
02607072
02616251
01664990
02038837
12595452
11891838
07843775
14889479
07775375
08424951
09274739
00348008
12085117
12252620
08028397
01324142
07133701
14444825
06422740
00169806
11896722
02685390
07703177
08152787
01539063
12094786
02645143
00512843
00253919
01975880
02776631
02472033
12333397
07373602
12990407
07315350
00790086
02016816
12179632
10684146
00004227
07131511
12295796
00122106
02246300
06123363
10718131
05520699
00718815
01812720
06727616
06283912
15257416
02015031
07647496
07231294
09219858
05668095
00812526
11062285
03919096
04726938
02501738
15258450
00435563
08774073
02672859
14416845
00197610
01641206
03399971
01063188
10239928
05011790
01590583
01566916
12744850
01144355
00700421
10040344
06509210
01797767
01496843
00596393
04286307
03891051
12975804
02616851
07468534
02060889
13536299
14586769
11388321
12355594
02217839
00149262
02329292
06855035
04455250
14536831
00034213
05676605
13657691
01621127
12648196
09791248
03108853
02851709
11951385
13431992
02321759
02715712
01610426
08776687
12827907
02436645
13006741
02839910
01704761
08196622
10813986
12659356
00350030
02598573
02541251
02890804
06028021
01479937
08383690
03525693
01045419
00757483
02592111
11669921
12394638
02604342
13091620
02053829
00644372
10548419
03351768
02713748
04982207
01662118
01116968
02616705
03483637
03003744
02509071
04012482
00552097
02240517
01029406
05644922
02552829
05516848
02173240
05267345
12573911
10116246
00219012
03826443
01856748
02678438
10725734
14389240
02698036
02610234
05653848
02354537
00911327
05988097
00090186
00104976
12516828
00694276
03493664
03730893
00879271
08736779
12609379
10368009
01965404
02141146
03157582
04580298
00537339
02673480
09409752
14828683
02945379
00677299
02037272
02024508
08358963
14477877
07967736
07475364
00085432
08181658
10505206
01374587
12220247
09267490
10912451
06697331
03789603
02954163
05716744
10771990
01672014
09893015
01241379
00461402
01731545
06646628
09252273
00064889
01002677
10471250
03630544
10820790
04666837
02653706
06414727
12678059
05803212
02500775
08303692
00639148
09802239
05377665
01208291
09425607
00796047
06954925
01772960
07721942
10745894
01308668
03441930
00591622
11071960
03471779
12542910
10354898
02364448
10142747
00548173
00795264
01408297
13493998
01213614
02628961
01043820
04551950
00686447
04547592
10502950
10496193
00624476
04781967
06258361
10489426
11611758
00935987
12157769
09467765
00923995
12627750
00916123
10176679
11144604
05935060
07270179
09360122
11974888
03655720
02418064
12393527
08022666
06937531
05808794
13292787
08957993
01781520
00612042
09731436
12756862
12723835
10415230
01661404
01069578
14940386
00075515
10900730
11635830
02357741
12224669
11750989
05651242
04179126
02557199
11908077
02137132
02602212
01918310
12725738
07522128
08858713
09940146
01281782
14678230
04838210
02445715
13624190
13240514
03839993
08969123
07510625
01730216
09884133
12298395
12231031
02956500
02952975
14083200
00533671
09710164
07018931
12172715
10577284
04836491
00405853
10525134
01015996
05638374
03103128
10499631
00057486
00416399
07211092
01108627
01679669
07377244
00334649
12401122
02455310
12567950
09191875
01586850
08764561
01224001
12015959
02460275
02334079
00270561
06408779
09812068
01682234
00904878
01693324
06155075
08430203
01961736
12814003
03654576
10482220
13423615
02421374
01705591
00621058
06508112
13303880
08797840
10508475
02545578
10779897
14607521
06356299
04407844
03058754
10119609
13040108
13611207
08686495
02135220
05254197
01025913
04047401
07242324
00401650
08040257
14016114
04505036
14183065
01583494
00598502
02989313
08321218
14636988
07334206
12473011
00943281
13366912
09975933
00787660
10060175
03115180
00932298
02044278
04328946
01688771
00577330
01342529
12987993
05733090
01981276
01010334
13752911
05445668
00947128
10423225
12238491
02076280
09231361
00184907
00931555
01731031
03664514
14446652
03541696
12651229
12598629
13920429
11030025
12807624
01938288
08733415
01138911
11117744
07548366
00729285
11163859
01418237
00077950
02083038
04277204
00454868
02678677
00546192
10411163
07370270
01609751
02782093
12490054
09962414
11890329
08927186
04060065
11419404
01739647
06791372
12977565
12370174
04635104
03189995
14890659
01424607
02425086
01685960
00312165
12131216
13840553
14010148
01165692
05588174
08717059
11127996
03097890
02937336
09770472
02153959
03509025
09476717
01167981
13367593
14523436
09285254
14390466
00285231
03013850
05265139
13171041
12654387
09039411
00653518
07365024
08934532
02040049
15045490
05454070
01282289
02351212
02120692
15217308
12217211
00481739
13421832
10315561
07123870
02137907
00597629
02532261
01421012
13320168
00242026
04826235
09366940
00372226
07369604
14570330
12605965
00218208
04836683
10248711
12796617
06582761
02048891
02255567
07827750
09840963
00066636
05380822
02818402
06990544
10556518
08920381
09840050
10084295
12719277
06785367
00020090
01699415
12156484
09719794
04224671
04963740
00234105
01027379
02420991
10226556
09976283
01335659
03622058
01034118
10093396
08818247
03780047
06863751
11418460
05777439
02710294
09341145
01813811
05329533
06013584
11879054
02464583
01863158
07631511
07390945
10753779
01626844
02027209
11786843
08345770
13516597
12936713
01358191
00628883
01193714
00294868
05019661
00525446
00418408
07007945
02101108
04502502
05252016
00633443
07666521
00431447
02733673
07886317
00975270
09113333
06818970
14474052
05761380
09407632
10336537
12220019
05114371
01989873
00963447
01322675
00290579
13745086
00760402
09125203
01968115
11168645
01562265
03133141
01048210
02228901
02332315
06568978
04793016
00896348
00878797
08319198
01433042
08856630
06100236
14755077
01169317
09183971
04904162
00668805
02693070
01977832
15297069
13969700
03063073
09778783
01958790
06934132
00021766
00388392
11749742
02005790
01929047
10478960
09481958
00052043
01046480
09137032
13495209
01738601
07288801
02564403
02514825
11992340
12380197
07070429
01552519
09127461
10734394
02464866
10703336
12992022
08406361
12403862
02906438
02713835
00025654
00869583
05698247
02605139
01602630
01358259
01028748
01801088
00402130
01126360
03451473
12352150
12154228
12959538
01782218
09304164
04300358
14745057
14780267
05354580
00990655
01220336
12507823
13987905
02222459
03897943
08218212
05886266
13231436
12076577
13134302
00208836
00660783
00928371
07275078
11845387
01296127
00828237
13236354
01521912
02475261
14925198
01157517
08564139
00573932
09243769
02117900
14628668
11601333
00673766
02727883
01233027
01278873
09305479
15290337
12178358
02704153
02258354
02010864
00886039
13486838
11498040
11805255
01776313
00875712
07697537
01853498
10529965
06682290
09130452
01063697
00526412
01664369
14441825
00589309
06647206
02700455
11974126
02118854
12120114
13986372
01703341
01314738
08590909
01316401
00011982
00240131
12031739
02123242
02195470
08836329
09319604
01710529
00142191
00658082
13163991
08149160
09383793
02392282
04868505
08213205
06468951
06254007
09704630
01607072
07152259
14428160
12015840
02010144
09039260
00468791
12433540
09782167
02963821
01949674
14094350
01277974
09845589
02719750
01119950
13345286
01637796
01490885
01307389
06873571
03376438
07150328
03016202
04659090
10764296
00044149
07581346
00274724
02503868
08240169
01560984
01131902
12252866
10979079
11493827
07202812
10749353
01681048
13450206
11635152
03003730
02688895
02567484
12854925
02438535
01445407
06716483
01473176
01467917
02933112
00059899
04917439
00230276
15005386
14450339
01483324
08943601
04862747
00247439
09107098
10455915
15173064
00710155
11776861
02348405
13368318
06706676
04082886
01951721
11636068
07107676
00988320
10118382
12447891
01665932
14283632
05392348
12081851
00964105
00611143
07419233
07184391
13254237
02588580
10325243
00947591
01427127
15005716
03510583
06261744
06634095
01518564
11413263
01356582
09006205
07920989
03868863
11807696
00155143
01064148
05408113
07847198
02445276
04445327
07112550
00349080
08552138
01905661
10492894
04315948
06657202
15057744
08573258
07736692
09142674
03851787
07151380
03942397
11432387
04640176
15055181
00565592
01318659
07736256
02057478
05683582
03222516
13865483
10135709
01990627
02582042
02148369
02729632
12339319
00363788
14315192
02585489
11834148
13207923
01039162
14367797
12075495
00627091
08737716
01163316
04683136
03450516
12764703
09846265
02078294
09416076
08456727
12242409
10049896
13552644
01133876
03752649
00190682
00624263
02766320
06165823
02390015
14370122
14164866
07482521
02432291
12925394
01451502
01138523
15239579
04728786
10441037
12959226
01789164
05279407
00283127
14723079
02397266
06630017
13480848
08981244
05479314
02880546
13171447
01416193
02347443
00628125
01892608
02731632
08855609
12387478
01212225
05972585
03044083
05288091
12552658
02012306
02571511
01112979
13299651
01279631
00539121
04271148
13977366
02379430
01128193
03900509
14584502
13908580
03930777
05635841
02065407
01806505
05428136
02083497
12141890
00937023
10568443
08615374
09020299
06756407
09388318
06477003
10710509
12957467
00089154
02044358
12684153
02704461
13911872
10467395
01582409
11773408
09159003
13467700
04496035
11386346
08167365
13041548
03882611
05903229
04351776
02687191
02205523
00859758
12899333
01414359
09714952
03765561
01358023
03751065
09725229
01498268
14543931
06954303
11741350
10532058
02420389
10050432
11259950
00392093
14043882
00091234
01344903
01767612
04737934
04941453
07181546
08986526
04103491
04914292
04078236
07306252
12746884
00195342
12770529
01030832
01566185
00114837
01817755
12948978
00262249
09211266
12624055
01895219
01337224
02067889
01853696
03646809
01284928
01449857
01701152
01534745
02401661
00483466
14793921
04535634
01909111
02677567
02577823
03151500
06966825
06825399
01946277
04344246
05890963
13177529
02910789
13134059
09067878
02593001
01880888
03865371
11518645
12839574
05259109
00117578
09593937
12080199
09255343
02648253
13188767
15232899
13939892
12087961
01772782
00159899
00075471
04603872
07368482
04294426
09268236
06200741
02955065
10831363
08519624
00373520
03574555
12832140
07518663
06792526
00510189
11694300
01135529
01458842
01747203
10099093
02105375
06708970
00878648
01970125
02412939
02290998
03035510
11502497
00149084
00796839
08172103
01554448
12107002
01101103
02432983
15212167
14329654
02341684
04844891
13067191
04640927
06729251
09721883
14219661
01653873
01449712
09478047
01205827
09287289
12355760
02523427
09455640
00210940
13885370
02710043
02461063
06224136
01669527
02153445
00482473
01653509
05038251
01237415
02053941
11822167
12166003
01758180
00341422
04154152
01500995
00429968
11791446
00834943
06999233
00914929
11487950
12868634
01368216
11888271
02039544
07004057
02302459
00806049
02863536
01155044
00234277
03667829
07743723
14051056
05677340
01921772
01696435
12971157
10256756
10560352
14923458
14481929
02909006
14445749
07399917
01380489
02023664
12490671
01802689
00961586
10515194
00028565
05774129
01887020
02677028
05116953
09070793
01953467
12516165
04100994
13482781
13686660
04439122
06261260
08019281
13059485
13644047
00956250
09127014
01977155
00914421
04254777
14594456
02019566
02947212
08829071
02036755
05681117
00117985
03781787
02725367
10327824
02582450
03259505
01278427
02821030
05638063
02398314
14827346
04694980
08022972
07652052
01874434
00803325
00751145
08716219
04842029
10663315
00060063
02241767
02702508
02004343
10722965
02570838
05734909
02210567
04857083
10777147
11801038
06713187
07783210
07339329
11869890
02558811
09818343
09125629
03271574
00040353
09946957
00230033
06805497
12461809
07160424
02629390
00945205
02882647
12077062
13143930
03327841
08229779
05910453
12269241
08808292
14892655
06637149
12707040
00764258
14823944
11734872
15245244
08805801
02575723
02229055
00870213
13577544
03328650
00356954
01596404
01162257
00609506
02407172
12494358
12723985
01925695
04829550
11072189
01705655
04463017
14605787
13740591
06097775
09417668
11834890
10079893
06744000
03878963
02418029
01441425
10399130
10074841
09032843
00346693
06018465
02701962
14051728
01719921
03100490
14559983
09754051
01699831
08100481
05079638
06163751
00312932
12501035
00238867
07140659
11052672
13227557
02420675
05421723
01261490
02019308
13196545
07382572
06908801
02633677
01217780
05916739
15175640
02200686
01165290
00243373
01431132
13315999
14752323
13454950
01261974
07401726
02161432
02231930
12251278
12830568
01085237
02291843
02343187
02707429
05882793
12588320
08991182
06398401
03879116
08304895
14792703
08339454
05161150
11354333
07175102
14865800
00102779
00863174
07085375
09430416
06862562
07585208
02036578
07489548
07961480
00170156
02592371
13795180
00752493
04578708
12177844
02735418
00407146
01248075
12882591
05686955
06687883
00109081
10136615
06781581
08436759
06377442
02106506
11793779
14462666
11989636
07222823
03824014
07963711
08911602
03118539
00731789
05904135
04606574
00055010
01734418
00956687
04340935
03962685
02522990
02461830
02435099
08773880
12128645
14746417
07764315
01959187
04294614
08154960
07819303
01960296
03662016
11950345
02250653
05513302
10663858
00355524
03894379
00383275
05318407
10381214
01318894
04635631
01781478
04267577
13484303
01752167
12711817
05547508
05592126
09884815
10659393
04826771
14618834
00956485
01907258
09260466
00589596
04633453
01422886
08019913
01728920
12776212
02595523
11783920
10930913
11117451
04835028
12595801
01554622
10456950
09807754
03376595
03113152
02504131
13395897
00215838
05511061
11713628
11963305
01695567
08274923
12551173
09888017
06973610
09637684
02446352
10161047
02451113
01091844
05843236
12397431
00479887
11713164
13533470
01722077
04213626
01949110
05279688
04929422
03571155
14624743
00336805
09877587
12419592
02175440
13786187
07883251
01959668
13744521
00087849
01970646
06034301
06441195
12699301
07050177
06540527
05083328
03636649
06431156
11742175
12518013
12525347
01422594
00279235
10590339
14210119
01377092
08516080
12758639
01081152
01335588
06486874
13227778
03908204
00346936
06414372
04461148
11412334
14299070
03578055
03632277
04599235
09987239
04143897
15143012
01283208
03181501
13041725
09069752
12835196
00886272
07257582
00801277
11659500
01962350
07951464
03853178
01489332
12884100
12718483
10901589
10076957
01693472
11446067
09036880
07667326
12422399
09573966
13740168
11975482
00692143
10534389
02832818
04171831
11727976
01493741
02043665
08463817
13569905
08194074
11511327
00589691
13065702
12024176
01944976
07923297
14011811
12778926
08903636
02636666
00996056
00585810
12659730
10757625
00075135
02071457
00544549
13548531
10625860
14550195
01299476
00289388
02541302
06646243
11636204
05280831
00439343
01804595
02269829
01959111
06118370
10633450
09718652
02334849
02564720
15131123
13720852
01575401
01238358
01958615
10883688
09887850
12193964
01747374
00635523
13540610
03582096
12785110
07080868
00380568
01556921
02055803
05264545
08010942
00579201
08814333
00936763
11983739
01675964
10700105
02664823
09230041
12441958
00714944
01759182
01271669
00260622
11086279
09985279
06893285
08151229
03040836
02654442
02598438
04643221
01817938
00899956
02618877
03334017
00051712
03233905
04380617
01063350
00872722
10469346
12009250
02184720
00846462
06706504
01641545
05278714
10368920
04679549
05712076
01138670
00530017
08850741
06719974
12079737
12152869
01417553
03947888
08965598
00734587
12823164
02276902
00913982
07343195
10210137
01561318
00682781
02408429
02361337
02271897
02950826
00649482
05656042
02349730
10691764
02153023
02029243
05943300
12130759
13328853
15127507
06504462
07883384
12553114
05967191
01052372
05067007
04842515
01770802
15031705
05902545
13194572
09894143
14322106
00592367
01141763
00693399
01826723
12239100
14597413
00149699
11799158
01383800
12802987
08015116
00775460
09901143
10291240
02588099
00998399
05601357
08681222
15236338
13820655
02783790
01456771
06960778
10268180
14764061
02584661
07280072
12695975
10089484
12133151
13223265
03337140
00297532
00918820
13180534
13541167
00861560
06531908
09900981
01227675
02325405
00494907
11779801
12330751
14417300
07398276
12945828
01330676
02336947
05020981
03262519
00759269
09825096
00926668
02437825
10046527
12901264
13907847
08987262
04809237
02666531
10624310
14605132
06201136
00007328
00550341
00448232
00215013
12419037
07081739
01162291
02230772
06420781
14964129
15245515
09368479
00083260
11704791
00188466
14870078
06524935
00046151
00384329
11005571
03106110
15026716
05898035
14081941
12793886
05236152
10220486
07232421
02744651
01777032
08426993
13120003
13991823
12767423
01015689
05472205
02273293
00971999
02556126
01741221
01263479
02537319
07358377
02984104
07499615
11358065
10211203
00171852
13299804
00249313
06437531
00630380
00911572
08745901
09440186
01229938
03780896
07998573
14496193
13524925
05553288
00336718
00492677
08114861
08933621
02089632
14412882
12235263
01659248
02328942
00963241
07233863
02121808
08462205
07940865
07350567
02023133
01380902
09314013
11497586
13988663
14417146
04992570
02760116
01521756
11983375
00533922
00040152
02461128
14004317
02886599
12920719
02154312
13996571
00099588
14512817
08744750
01750598
05691376
13963970
06708304
04128837
01418536
15152062
02456147
08824484
05126228
11399866
02469274
01954516
07207680
03006626
00341243
11749462
01743909
11788727
02486693
04989362
15009326
02126686
09505418
00256862
06275095
09892262
06055300
13906484
07478169
10180923
07065333
00455599
09685922
02433925
08769179
04295881
00365810
03175189
10835218
03257877
00426928
04761517
00692349
10126177
03649909
05816287
02072665
06052864
00238022
12508936
09875786
02162947
07174877
01543817
01058224
10552742
04366367
13757724
07395623
12565368
10096126
03441345
05912552
01218396
02235666
00258854
01336635
01577458
06741728
10009671
05228020
01173965
15200314
09168020
15147330
01678887
05707269
01271915
15150013
02706046
02046572
08565506
01790383
00265119
14235793
03325288
00361797
01918183
01404129
00471711
06855207
01669883
05528854
00277399
11460488
12707432
07043824
04478889
13566212
05196375
00341695
07138915
02626590
13665256
12871272
15242432
03338287
02702120
04263760
08422524
02427726
00717045
12062781
03461385
04629958
13585429
00173338
00497219
06634960
07497797
05566097
02226380
02176611
02387486
00255710
02513268
00843146
03379204
03991202
01998599
14350837
03338009
13796779
14485249
03313602
13043516
01053067
02341200
06205411
12846869
08221897
02353709
02640453
02151108
10162780
09015460
10661002
12585137
01280645
02025530
00700708
01312371
03282401
06379094
01154237
02438861
13913849
01484392
02401523
06900282
03359566
03967396
01081628
12464476
07400552
13722929
08168117
07323024
02621107
02335629
00312380
03132261
00864226
15223916
00268165
03895585
07934530
06186301
03953416
02481629
00219575
08245802
07031752
08904269
00916464
15024240
00075421
14840755
08400452
02195191
01549057
01557517
07207410
05748285
05980875
04281375
02171453
01927447
07729485
05838765
09609561
00303056
01046059
01535246
10837918
15166462
13070003
08959683
00472992
02103162
12464649
05083200
00337210
00300537
14633957
12346448
07684164
07612996
05998526
12374862
02132580
03352961
00350104
02532918
00120202
10596689
04498523
01795545
10112129
12124505
07733847
12123050
11885856
10273064
04504770
08111419
08050678
06253518
00286798
14985383
00279136
01031256
14802450
05383467
15277730
11441077
06939198
08618379
09613191
00033615
00494269
12504094
12749049
11485681
15259284
11556187
03055809
03887185
11454591
03206908
00303465
08437515
11893004
03569964
00713167
09977178
05138488
12375294
05516366
12058429
00706371
00736894
00905283
08952423
09886403
11807525
07835051
06628450
12870535
13876371
09418169
06950209
10519494
06287620
13087625
11825013
02123812
00185698
01152396
04558578
12054499
13477023
13446390
13884511
14859838
01797051
02684924
00222248
10519984
02859053
10197525
02277279
07090721
08397489
08597023
02403537
13469674
14108713
01642437
12244153
12400924
10871129
01510827
01982650
01655902
10350220
02744061
02533545
09759501
04638585
00016756
02305407
00708128
09137451
03841666
10074578
11368638
00247390
15155891
11785100
00135311
08174398
11743109
12458383
02498888
09931267
00654625
08123696
01111016
03629986
06540284
00269963
12287388
06780882
12045860
08888676
08348091
09979321
04437670
03278248
07186828
04961136
05573602
08398179
12409016
07167578
05291010
02193765
12628356
03277771
01643374
05539595
10236663
05174653
13604275
01446760
08626522
00649992
02270815
01766748
02490634
14313943
02643713
07522729
00896141
11705171
08953029
12590117
11955896
00697419
01381796
04746842
12023407
13555775
10421183
04627936
05300926
13384164
10435041
05195362
04141975
08914193
01947613
05327767
02719016
02502514
06624161
12835331
00188580
00974173
07345593
04648059
12743823
09801102
02515080
08233426
10415638
00751887
00607405
11855122
01308008
00842772
00421437
02721948
02860564
10120330
02474110
04516354
04904851
00086297
00473322
09676490
00529224
00755673
00886281
02062744
12928071
07117595
04444345
01663920
00483181
14236743
02502037
02820210
07233996
07268759
08188235
02238462
06892016
01277784
14118423
04199027
11151189
07449862
06986276
03536568
00122338
15243730
12659203
00069531
06836929
12882779
13467916
00658627
00276883
01099592
09865398
09475292
13452947
13301328
10380305
08572467
13568524
06514093
08964288
00404403
01852701
12535820
11809922
03916470
02521816
10546850
00579564
04503836
09929577
05756203
04063373
00677683
12094121
09813219
12204925
02346315
06822198
02654609
09487022
13441387
08682188
08733897
07205946
10658304
14545045
11765859
02066510
14160665
10433164
13886260
09879552
03603722
07446599
04519153
07436352
00510475
07517417
02559383
08804049
01820077
10117511
03835582
01446283
00585406
13478342
03257586
01961974
11649012
09028204
00089351
07623664
08402828
03529629
00186616
00596807
01701697
01159776
11995396
08364959
07206461
10118587
15285622
14124423
01572782
14446161
01110661
12589841
13211790
04952242
15247110
00420877
01999798
02072493
02056466
09378529
05705075
01792567
02376277
06153846
01787693
00509958
01270199
00051060
03099454
09482916
09001373
06577585
02076535
00095971
05833371
08044265
01445998
13715755
10965361
03433079
05479503
14094881
08878016
13601596
00856578
00054059
12342299
01909812
05387395
08045140
02051474
01790020
01360712
04222847
02655355
07392483
01422539
12452256
04105438
01586941
14451020
12459048
14477667
05563770
02237424
00154141
05317960
05924519
01043612
03406966
00837872
14047547
07570720
01214265
00891850
05054130
00262076
10064229
01384491
12185526
01190884
02147603
09938991
11741010
07081043
01841102
01485306
02170861
09544876
08728268
05286536
12257343
01974773
14620895
10646942
01455592
01966861
01538161
03469175
02494850
05834758
00248063
03757723
06809421
02911890
00882948
00071803
14030820
13454318
03062461
13649268
03679712
09721088
00482893
01702623
04463510
01931520
07774182
01303582
06162653
13123431
01423167
07437575
03803116
00659535
12303349
08375154
14118936
07813409
00349886
08166318
04940146
13990502
08229605
02974003
00339463
07640991
14617189
11844651
00322847
05113462
03599351
13252395
06814236
00564857
03199901
12911440
06268567
01303242
01559294
02579447
14036203
09786338
02597367
01254253
14781225
00015498
10264437
08787878
03570838
07169353
10267166
03792048
09143786
00634286
05785311
09976429
11585340
00732960
02850060
11552386
06629610
00842538
11786131
00793037
14514491
07006951
10420031
11770013
02457233
05776015
10075899
01142899
11356636
02406585
02039660
12608127
00367768
08453464
08851500
01577818
03341707
01912159
08207001
00407535
01133281
02994858
07456188
05777298
00890100
05636402
03072828
00873469
03525074
00002942
07826453
08776138
02214203
07496755
05127959
04714440
00846344
12794568
02998696
00445802
01485513
04152387
11703935
09118639
00106272
07091902
04085017
12713521
13557451
09607280
13899200
08286163
02405252
03594945
03197804
00402951
02136623
03880323
08428019
00209837
09686536
09805475
03181293
02509197
01429663
06740402
12109189
07953827
03951971
07373277
03749807
02148788
08038995
11841368
08230294
08751494
13368052
00073343
02976641
01184058
05854812
02190648
00815644
08518171
08175875
07132634
00903385
07748912
08589801
03405595
14935555
11410298
03877845
00939628
00568430
11552976
11957912
12492106
12239458
07511733
00483935
13374426
03154446
02893338
01846331
02428924
02061846
00864159
07362830
01831712
00441824
05624042
00376063
05249420
13197670
05313535
10216106
14169364
14622623
12050766
12558425
00023646
01258251
13541798
01309701
02938514
04412097
09473808
02953197
06975594
00476313
00992331
11965627
02030764
14250081
02378950
01487914
01637633
12373526
01751722
01016626
00301856
01966352
08921850
00908492
04844625
03933529
03690938
04241042
15196746
05491612
01684337
07531255
10991165
04601041
02421749
01356459
00015388
09679708
13138308
10318293
11814440
01645634
01239064
00345926
14685017
12371911
08659446
02317488
02621419
08516885
09113762
01319874
05003273
02253715
06591442
02301825
09767197
03531808
01135952
11769002
11951511
05209822
04670531
15116283
13015826
05929008
11909353
08730354
00008007
00458471
02527813
12135898
03563710
01300782
01963136
12185254
01472502
04051549
11138681
00422551
00106456
12081488
11866078
13614764
03820728
00294522
02653145
11376742
01950128
08672199
05352433
02121188
01876028
00770834
03890514
08145553
05293773
13474290
02066950
07373803
01830965
08141951
11855274
02048832
03671668
01490546
02892767
02128653
10190871
02267826
11742531
10829733
02916936
14641397
02457945
06893885
01747144
00949093
02040652
05338410
09973490
12495146
02974615
04903678
01901289
02072209
05428473
04963588
04734885
11735822
07510495
04702688
00667942
12598409
14051917
04220344
01392080
03306610
05525252
06464419
02879638
01752884
05196582
07966140
02817650
02511303
11907554
08440630
12144399
05456732
00643197
02237730
08705397
10060621
10746056
12053138
03630262
13343917
07521437
13649626
03065685
02623529
05870615
01942137
10379073
01216670
05456945
14642417
06135915
12102133
10722758
09161803
13194918
04758452
10212338
01588589
05771532
08456993
12908432
00687926
02637592
12762245
00666886
02446014
01629958
11623304
01504480
09917593
00208210
02072501
02930503
01181166
02460817
01460457
11877473
04766275
14174549
06707555
11425580
01049266
10768585
12332718
02672540
10666846
00559329
01067819
03395859
12193665
12572021
00684988
11541713
01535709
02661574
10185793
08439476
01802309
03594277
13478525
12867679
01215392
04718563
10142537
09096089
02710673
12339526
06667317
02518813
11544131
01137696
07245125
11997409
02799175
01898032
08640111
13625237
02515443
11856981
00593837
00816143
04422875
03354613
02289307
01139865
12410381
02955247
01786879
00521478
12943049
02950154
07028373
11420831
11736694
11873182
01234345
05535484
00605310
03098140
01382818
05803938
08111783
11463371
00051761
00851587
03273551
07508486
01243474
04962062
02183697
00685638
04061969
12319687
00584220
09446115
09020440
01832684
03128519
02116118
04301474
11487732
05238036
01501450
10240715
07715721
12992464
09857007
08236621
06392935
10195593
08657249
13484937
00044150
00045240
08735164
02429123
05513020
06721342
02601767
12974826
04032242
13053450
10713923
01580928
02356420
02128757
01525666
02885338
13743100
08839092
00894359
07432119
00511212
11387179
00716945
05058580
06878580
08627919
10742384
08904858
08235343
12398174
01115190
05331653
15195059
00544842
11817329
12241880
05489394
00261604
07088438
11749920
05120683
15203229
01651972
08287844
03842156
01276194
07850329
00640889
00897026
13776432
01439514
08780881
02069551
05659856
01041954
15179415
07675262
00138508
01770795
06218459
02171254
06672297
10648033
02705944
01507402
04630547
01998793
07313241
06588785
07703889
01743223
08785343
11404971
00311559
05600030
01608122
01464077
10451263
00730538
14153616
01477888
06677974
10106080
09322454
15193271
00550777
05108740
01987228
07255299
02500144
02226598
03016953
01587575
11009773
12259316
05934029
10510078
12721357
03838298
01995514
03963982
09034286
00805228
02305856
10013927
04367011
12578916
08873269
08604487
01712752
02490964
09248477
11143458
00180495
01468097
12756059
07364115
01954962
03804744
01950952
01529672
00853487
00249679
01826378
02355477
10278666
12775225
03763133
09937056
15049594
12859873
01837744
01056369
00334356
01639765
09793352
00329244
04414476
01122754
01983048
08134081
00261258
00935827
14313154
09026614
14016361
08162245
12165170
11600139
12081022
02784732
13083023
13023292
02486138
11857320
01212519
04238128
05534174
00384620
10726233
10131515
08046759
00424599
10271525
07224151
02675701
10430665
06074372
11406314
04270891
12165384
00966599
00915265
03425595
00164816
06596364
09350045
07115021
01960459
02146700
01121690
04438304
00423702
01043333
10082146
09133895
02747922
00452220
00185857
02496913
10292052
12892226
02156546
12607198
09382099
08306959
05497741
15094824
05158619
03865949
01650509
01425511
02564986
04091247
09809279
00069060
07305760
03673450
00971650
07818572
01292727
07387316
13563647
08060446
01299758
04341133
04628192
02266421
08656590
12954185
01488956
09684609
02263788
10269289
09038439
02140491
03305135
12353604
01439121
09942970
09999795
02291220
00754424
14038264
00747215
05960121
13687906
10346514
12174124
02429475
08472120
13761966
07370671
15103226
04448826
07014854
00067707
02110341
00999245
01387786
02003204
06595351
00344125
12188635
07311661
07529245
08858248
04056932
11108767
11955153
12805373
07367812
01069125
11034596
13818551
11910835
11143163
08948346
01340283
08157672
04390873
05504532
02255698
07826930
04677952
02680358
07824702
00926310
01877620
08792548
01252601
02025829
01546921
07307477
01180695
00045817
11858406
11261184
02597246
09754541
01704752
02551316
07232655
01232246
12174311
05407119
11987722
00208797
11544540
05155123
11380768
14860102
10717196
00930599
00744616
12263738
00049669
00973530
08952628
09376526
09386842
01920698
12009616
01718952
07242912
01827064
09542541
06170498
03364340
09032604
08082602
01594157
11750359
13501059
01053339
00698572
03903868
02007721
01456088
01599539
05092635
00927017
01820937
14141062
04962784
07071483
00002137
00624801
00121678
12164215
01119620
01557774
04601690
01922763
03792334
00295346
10827678
03363216
00366020
05997659
09283623
01967923
05733583
12634986
01460421
01201089
06335162
00863906
07008680
09380446
10154013
10179069
00016380
00849982
15213115
14691822
11660537
05734381
01548193
01008288
04553703
01441625
12549420
10286282
11116642
05871792
10496393
10658501
02513460
01821996
08755214
14420954
02163144
08970318
12163035
10746346
00675701
00197229
00117124
00353782
02149136
01809784
02929749
01487077
08721559
11683989
10032884
10279540
00667847
09811852
09722658
06768259
01597551
02658734
06064106
09026204
14521954
10252547
01448165
00879356
02660631
01970348
15097017
00439284
01826998
00684838
05533948
12530439
00329619
02255268
14445226
00656107
12188120
00969873
01004062
14097574
08180190
02631349
00080705
06196584
01123887
08503238
05312306
13060912
02286271
09761753
04567222
02406432
11078404
05034225
01739263
08660339
10241024
02671421
00315986
09810166
03214253
03149951
09771435
12400489
01815185
01453330
11201386
08279524
07676602
02416030
01782519
00988232
00216038
13841863
00911048
00708017
10234867
01597286
03515338
06545528
12377494
00950936
05550688
06356515
02283951
05127640
01789386
07243193
00613683
08874273
15162210
03820950
10027590
07298982
00747418
12096223
01097743
13053187
11871916
01995137
09151411
04297476
02009015
07065149
01395254
10683126
10410815
02712125
03926148
05030418
00447158
00588598
00568813
00993014
13573915
08915159
08792083
10041195
03017168
09980275
01492052
05768415
11752578
03762602
10297531
08123167
15079925
13517199
09167505
01172275
00414627
14051494
00994454
01183373
01041415
07487955
14807929
00822101
08037503
12015525
06399126
12227420
01510173
12923439
12223160
02058756
03625783
05115040
01037819
06217944
05148699
01721415
02147747
02183024
07238694
00029836
00365471
05912243
08047501
01467751
02066245
01962223
10868177
02431971
11920344
14984973
00943732
01506812
01410109
05614175
14108039
15184170
00370458
04985198
10484858
08459252
00876442
01475648
09392162
01249315
04294879
01636984
01384687
09452395
08961402
11424400
11635709
01808626
01307142
06150222
01775592
04553389
11329281
02388764
00169811
02553428
00748011
12373100
01492725
09715165
08020242
06320569
02609203
04763650
08709038
01487830
15092650
02211283
02900160
08195797
00154689
03022788
02133704
12687698
01710348
02790012
02242293
09177883
06940701
02618688
08856793
02117333
08876773
01921964
01480516
14850826
02426395
03088164
12486882
11668952
01581041
08859173
09437454
01141160
12392385
00105624
06709112
03109693
06397307
14855150
10026058
05102101
07214994
15141486
01542055
01664862
13658027
14732946
12198793
11313726
00789934
11997160
14467685
12127237
10671613
15124361
01795088
06567960
01620282
02284096
03673594
10591949
04656996
13265011
00401783
08890097
12864363
01082606
00575169
02519666
14061805
08176077
02798574
03455355
02319095
00889229
06760722
09084075
09610405
02888133
11662128
13190218
01093085
00430261
05044387
09665545
07774295
14366759
03467984
05585383
10121952
12135729
00305109
03746574
08345613
05967402
05485554
12173069
10398806
02122665
00204814
01213886
04740864
02182498
08171094
10274815
11948264
02110220
01279342
14757547
11181634
00829170
12772753
13885700
08177958
01152787
00849768
07512465
08854855
00856193
01944692
09481523
00206600
10575594
01891633
12373361
03747746
04592741
12387633
10304160
07748574
02200509
13213768
07153130
02583211
01409581
02353037
01462209
02311387
01979395
10414612
12866968
05761559
03358726
07933274
01493012
10645854
02743112
04554684
03236423
14550469
12612410
03965907
01773825
00758525
02588286
02244670
02520730
02554647
03736970
10085548
00504464
12685214
06674947
13480541
04234455
01466733
09022538
13730054
09735258
10140314
04649051
00834460
03561657
02260085
01503404
00019182
00879607
09842823
00207306
04980463
03721797
01027662
01275934
00691648
14879605
13005166
11767196
10785695
01697002
01677509
02338592
11728350
02021773
10721124
01873310
00055871
01796519
00624738
08811473
15101586
00848420
11774279
01675780
09376979
01646941
12088909
02732148
02998363
13496972
06399631
04606014
08331357
00736786
00670250
01585759
04094859
00418921
04425262
10012377
00451370
05039106
07750586
12400720
11649359
07366145
07145508
12943302
12977296
03591116
13634784
05689249
09990415
13597585
01362336
12436260
01500214
06980465
07172756
06469694
02939866
01456631
09032981
10613996
15246853
09640327
01299224
13758745
14356720
06675122
00275607
01754576
14951377
02053818
12913352
08945821
01459696
12061849
08851687
08179879
03780392
12480895
01543123
01367430
00099517
11077195
00189580
06588511
14782252
00057665
05154908
01283746
00246552
02730568
04339291
11308120
03442756
08731953
12801072
11706761
11659909
13886724
00428870
00318735
08420839
02789271
01606177
04347519
02635659
08779830
00277376
08270417
09466280
06417279
02017299
09079153
05011568
13480667
00844298
10087080
12045004
14539960
04739932
01860795
01104376
11777779
01768596
03190303
11241854
02254767
00437125
11890723
05032193
02274024
14236226
01755740
10747672
08135342
01186958
08687884
06407221
03834604
13732295
04474187
08690194
00023271
09540739
06601327
10641755
04999401
09077821
00829761
11726569
10995115
02722997
07751451
01183573
01048073
00563824
05229990
11522206
00517728
06948761
09100223
03401721
03100897
13224086
03688943
03562126
01438720
15075378
07891726
02569630
03895293
02756558
00948853
05694791
12725521
12097180
08911868
04520480
11728099
08979054
04434932
08390157
01447822
05498048
07046339
01958452
12660796
02796995
09038990
05614657
07256375
03558176
00896497
02301151
02427103
01650610
02415577
03470387
04706087
09297729
01381357
02416410
10399491
12185078
11753936
05044528
14444114
09080782
01264243
01905121
02635956
08652970
07763290
01140315
08762104
01006421
12669641
06071934
00495038
09265620
03273740
01930874
10697282
10279018
04873550
01275697
00872107
06381372
03084759
02176178
01592669
12505253
02490030
06723635
00802962
09642917
05893916
00951781
11790624
03385557
02680723
02113335
05166560
01035803
00378296
06304671
00291965
08709704
12051514
10187990
09069862
14524849
01669792
10765679
00662182
12044571
09090389
01073995
03896233
02505646
04747445
11881563
02020237
13068073
01084588
06027264
01283185
13169674
14452294
12663804
12312728
11536778
04425977
02538730
02218759
09445008
02329401
06614628
10612210
02061425
01620967
02588280
03198637
09957156
14425974
04074329
12076075
13783038
09062585
02537407
14084502
11164671
14215331
02030996
02076196
01639071
08486971
06020737
02170848
00881998
01924916
01634142
01740005
10321474
10058585
00830188
07307754
12218868
01912709
07216412
00742474
01022483
06637824
14657566
08423634
02973236
08978343
02131072
03672352
08790953
03937437
11414257
10719267
00674607
06742426
12505752
01913849
01179167
10769782
09169038
03204558
02455584
01153947
02889035
06885389
05555917
12834671
00828003
01782650
00437449
01501347
07240077
10644301
02461314
13903576
07795751
07454452
05499379
01371201
12187030
09162581
01998432
08686821
08166187
09304750
01535002
02636811
10218043
06318062
06616314
00514396
07208338
06394701
13409647
00617748
01638611
09889691
00420477
13640050
14673978
10785085
13451508
11076965
14035298
02132788
01105526
04175669
08242799
15117809
11945930
10439629
06837146
14155834
08520401
00403334
11897760
07295629
03513137
10185148
01414986
14400677
08774912
02161530
13792183
06989869
09926246
12383256
06695579
13649791
02711543
01705494
00819024
03109399
03731164
09632518
04248607
01082153
05826291
11749112
06812631
11778391
08101937
06410391
09817536
04366116
04398497
08560560
00904428
00941451
06389753
00347610
07622061
07331013
00277811
00169298
07577657
14365950
06807198
00068858
07019172
05318606
01330497
01210816
14353008
01201574
12975207
04846770
01855032
08334693
15259812
03336575
00335653
00865387
10324851
05071556
02447001
00589217
15214419
09103648
03608356
01809980
03286383
01210352
10172448
02042404
03001282
01595624
01185292
00095280
01636993
08783583
01311520
00743344
01859586
02611373
08229887
04396466
01985667
13590327
09073697
02585722
05366043
07203126
10267941
00758175
00185307
11874423
00548266
01167385
01956481
11975853
10280364
05573099
11292105
14884120
02760855
11896904
08573842
02054834
00172732
02231307
05052387
08755852
07756096
15182402
01179707
02054382
01817772
04710127
06244149
01273735
12756286
08846324
01533780
04955633
00199309
02804772
04587648
06757891
00911562
00301192
07546465
00418903
00342755
01497579
02855925
10404242
08564307
09857200
00521970
08096474
00464687
05817145
05473928
01728052
10476086
02248744
12997654
01876006
02259547
02016659
14857278
00302875
12409231
02265979
00074834
01366276
04508489
11236317
10019552
02699783
10270628
09381480
05223550
12785724
11385748
09193772
06062076
06306233
11780018
11634736
10061656
01643255
06407094
11865071
08305114
02285052
12529500
12766869
00919513
01282888
10614363
00199912
09405515
12721477
04560292
00807461
08661277
05519820
09197945
02784998
03837157
08956140
00617413
01822936
01952812
03501520
04782466
00771632
00226071
02625418
03588414
01257145
11831730
01664847
00663894
09058219
03135152
12615710
10766492
00800930
09699200
10224098
01996585
02892392
03289025
02835271
03908831
13141141
13466586
00894221
09369169
07568095
10259780
15211806
04258982
05727220
14121276
10017272
02204692
00003431
12238913
01066433
01503952
07094508
02502536
01935395
10884597
01117484
02688794
07889274
07818277
02418205
01791232
00589415
00535844
08719892
00874621
07384898
12078954
04561422
05578911
05403849
11092292
01142324
10643727
12197601
00435688
00216991
00280301
00652622
12012111
03032576
07881800
00489496
08080025
04361641
00052791
03407369
13516842
03646296
02615079
13464820
05520479
02600953
06126761
00062133
06376154
02676261
02766534
06289250
04835488
11689678
14346909
03946325
04277034
01053404
12199030
06793959
08903352
02245592
01626420
00138069
12134300
01296697
01058036
01097500
09925592
00878348
02623731
00272713
13987423
00515154
06774316
13753067
01205341
01726879
04698112
01135922
10564660
06185748
12610186
05966958
00376400
01252800
11780930
01984902
04782878
01835918
04895773
00405079
00733250
08697827
08908248
02592866
09175915
03692942
11651259
14493426
02429695
12917338
01742556
01356370
00063652
01685808
00074641
01996735
10452892
06593099
01592774
07025604
05919866
01632103
00630026
03001627
10427764
00998604
01681723
02910353
10032342
02919648
03093792
03526198
14777856
07324673
05317354
05062993
08094866
00594477
11008870
13013534
01444723
12882945
12627347
12064996
07236759
05891232
00340704
10408324
08766455
03269203
03527243
08795974
01176079
02171664
10191943
01044983
01970272
09930102
00500055
13774404
08830720
01333301
05305614
01263257
02439398
02105990
14877585
00036762
08688779
08043848
01257542
00951911
12946849
02669806
08683548
09805151
08765890
09740085
09212935
00072586
07960769
06341609
02235575
12106540
06825863
00068333
06951067
11030395
13622209
01199751
06325370
00754118
08761244
00712389
03374102
01723425
03279804
00910891
08170535
09030752
00008602
11061853
07313004
06430385
08589351
00608896
01493897
00059376
02863750
02703438
01913838
13662190
01450661
02523521
11965378
02280223
04891184
00043609
09917214
10502329
02116980
00274941
07054433
01646866
01133106
09638009
04832518
13910384
01097292
08784104
00968211
04780605
01314781
11726925
07575392
04133211
00442981
02799323
02405440
00125436
02532458
07726095
15200164
11667112
13341350
00683185
02401031
00009631
00897241
05540513
09025863
12539832
06722453
01670961
00925735
09026780
00266391
02022359
06926889
01264336
07109730
02694287
13506587
04625515
01803003
04888788
03614532
02076779
13471815
01798936
12928690
02418648
08167953
12751823
06803157
10835709
02693319
02489748
11869351
07204240
09366762
02379753
00172490
02675077
03993180
08899351
10679174
02591757
08024732
00061598
05817845
10729175
12285369
08473623
00140652
01892876
00074790
00380994
08933287
02193357
00207728
09966710
12809365
01537134
07675627
10557404
01690339
15041277
11832671
02055062
02261630
05408388
03967270
00665358
07810531
01761706
13723061
10752480
09991530
08714966
11885697
13369857
02223009
05784699
02521410
11970429
00717748
08716738
11772154
04012852
01199213
00891936
02598747
04862592
00393227
13201239
09219078
02647497
02364989
08132637
06399995
12507236
01872244
03915320
00899292
04131208
07698915
06780309
01276361
02942699
14777277
12098827
01703857
11417387
09919297
01426397
01279305
09297423
01242208
00861725
04451818
00944788
03033362
11515051
12931906
07054122
10937611
06937985
02152504
09261138
04650201
02084104
00730708
12333530
08951278
08188449
09905530
08686658
01694311
08030711
12695144
03437430
12739595
11814584
12100538
12344283
00057162
00954311
01660994
03326073
12013811
06528992
01949218
02538086
01561819
06581410
11068401
00163441
12418065
06428792
02797021
00493703
04793355
01152670
01457407
10018532
09410928
02647294
00390741
00825443
05048123
02347865
15228267
12617384
00621734
12216968
05367735
07689217
07573103
01680137
09752381
03144756
04404200
08142170
12498316
09986532
00784874
03036469
04761212
01219306
02713594
09593651
02525312
05911560
11800359
01212572
05462057
05714466
00541479
02566325
12594746
07497976
14229912
02012344
07397955
01032451
11251531
13942104
06566077
11322627
00199707
01778568
12505987
13766896
07300316
06300193
10483138
04188368
00729109
03420935
00263947
09784707
00321195
02601996
11386692
05511286
11109424
00413195
06674542
00107231
08102282
02119659
00892698
05784242
01941670
10736602
09154178
01654429
05134880
11642622
01254324
05782140
02616542
05925366
13333833
01619310
06722186
04755218
05153155
13903387
02106006
04930139
10247358
13282161
04906471
03156071
05926676
08173515
07640749
14245163
10303513
02738701
11127565
07317519
01943406
01256743
11737316
08026904
00896832
01350699
01113068
13609214
04316646
02836035
00504270
03800933
08971693
02264397
00683127
00802318
11701492
00838367
15116532
12944238
07828807
02863247
01656813
12282933
04231444
01359488
02181235
02577755
08546870
13142695
01540232
01486151
00765977
06769238
05050115
02070150
02530294
07821919
13078133
01104248
02723232
15210045
01075725
00819274
00382109
14418103
08500819
03877472
02355711
08416328
01377940
06792950
06757289
00812580
10612803
11198375
00705580
04696432
03064758
00663819
05115804
13266515
03037709
12733647
14540765
12693590
08772667
01530256
08726745
07340725
14373582
01707128
08612340
03559999
01672490
00286497
01667607
01206153
00605086
02527145
01665238
00417397
04733204
01563128
00898127
00913795
01771417
07907943
01398772
13089902
02658944
09643799
01222328
11355669
01741446
01255807
01242354
09544746
01199009
03461119
09943811
02676496
14336539
12868418
08356573
13573057
14427239
12479303
00694974
09854510
05159948
06648207
11665372
05457973
02193974
00173283
00699736
10121800
14805676
09849598
02084252
12890265
13949576
00428404
07582609
00289365
07326557
02259844
03303965
15074962
13843173
07120524
00838856
06605396
02297294
06061631
02352019
13143285
09943541
00870577
00019131
10297367
02675885
08818835
13169219
02332999
00114291
04609811
14055408
01679494
01144550
05407890
00975171
05405324
06050901
10815648
02407987
02016358
13300141
00653449
00905852
10749715
11971783
09748408
11378462
12323411
08570758
12299988
03840327
01190494
09911849
00379588
10550090
04148054
09756400
09252078
08347206
08926681
01910529
02650282
04250224
13429780
00594738
09043411
01623706
10453533
05724694
08075388
03706415
02449847
07368646
01735556
11321051
12216382
06766190
04656598
05711915
12657940
09987927
02472987
01430633
02527085
06064462
04423174
06742772
00436879
05689909
04602044
02511824
12435152
08121867
01879579
09714429
00971802
00832626
05495172
12717524
01969726
04211356
01140514
04021503
00280532
09370383
07907037
01389186
00090253
09578465
10166626
01791756
00238542
14983491
13672555
00779599
12350234
00871781
01660870
04456276
03183080
02718863
01600909
03007130
02522581
02142575
08789605
00022903
12346578
14152279
02224055
02485451
10014658
08482271
11540747
02278470
02292564
00410406
07540866
02557033
01196759
01039307
00608502
01390616
12905655
02715279
12510197
00922438
07080778
09635823
02450505
00697365
09705124
07712382
08479407
06613056
08223802
00888796
01061320
14243877
12661538
12494629
00025203
00055315
01703195
01306654
01201271
02475922
03553908
05274959
11446242
07445480
00582145
14077454
10615334
02520509
04737430
07915800
11060535
09350524
07836456
01996377
01158181
14690607
00007347
04811995
00223362
00390842
11094055
07343574
04668713
10786517
10916731
12673328
01807882
04852088
02661252
12968408
02035919
02552737
01841591
09064966
01605119
02569770
05640339
00747640
05723563
01844859
08725454
05111835
10783539
02556846
01247413
02673965
11410625
00365446
07154666
09290777
13031956
01778212
00952524
12741222
12640607
02987492
01566082
00595630
04802907
00928015
07695965
00421535
03732828
03779621
04033425
08619949
03087643
12955639
08587828
01614769
13872211
02015384
00939452
15162640
02057208
05046471
14364306
06535222
02018207
00417131
10703692
08759852
09779623
00854420
10037080
13026763
00021265
02658381
15003969
01878063
01838651
15092059
04980008
14252864
00604617
04405907
00449295
00807178
02343374
11777080
08029421
01226941
00429642
00703875
13810818
00726300
02304229
00241689
05484355
00956405
05652396
04445154
10684827
12145919
14915184
00747029
06559365
05302499
02261286
08910394
02261123
01619536
02191546
07259772
02663657
01387656
09767700
01296505
14443434
04784142
06690408
01744611
02202928
07739506
01353411
04962395
00646833
01752433
15142836
04874409
02613275
05001089
01051956
10326087
09808949
14132102
15285279
05697363
00539936
04097866
03911251
11965054
02449464
10592595
09779124
00562882
02313906
00002684
00261972
05105009
06048552
13652994
08472890
12961689
05269901
01004692
00203081
12261808
12150969
12056990
10326551
14588219
09375223
09699020
12357485
00457382
02378870
00341184
02548219
01852544
02644050
02054502
14739360
00955565
00329031
14898470
04271371
09738708
00580865
03399240
15180528
01612053
03650803
08800258
00067274
11647703
09831731
05538215
05986948
00919877
11727091
02021376
12335664
11799732
01776546
09136582
12672843
09959258
02529293
02971469
14646152
04849759
02558350
04023249
01270175
04313220
01534762
09976119
00873682
04532022
10678937
13262663
06014730
01417041
00884202
00839619
08837048
09930464
01881717
14557415
03224032
04405309
00618267
14421139
12660009
02714865
02660164
05309725
13145040
02151700
07964809
08349138
01097031
03009477
06353445
09224911
00169955
13308147
09068320
02196542
01970502
02468178
14650807
03674440
05217688
00610010
02457585
05355527
00403609
01371454
01476685
07083441
10707233
00346095
02314001
00058135
02703275
08560952
00731222
08641944
11253802
02326795
00817507
10840769
04443433
10507070
14621446
04446162
00093327
06926212
06102865
02180797
12728864
00298161
05716462
14979730
02070296
01919391
07805006
03050026
00536143
12616825
02890940
03953743
07009640
08898002
00698609
00021997
13249927
07547805
08037118
13780339
06931199
06917392
02598768
00779061
00785008
00124442
02949691
06991980
00057306
10019406
04057047
00253277
01155687
05556325
09204977
05466005
11997969
10675010
02189363
09811712
07349532
13290676
01459422
09150047
02308741
01474513
02272090
01274171
05868477
05110408
10195261
02350175
09479238
06240244
00011551
02052639
08062623
11976170
00036932
01548290
11248997
08899149
14455700
00753973
00351485
04765355
11720891
00075912
04838727
14839846
12823859
00663682
02565324
01278232
02489589
02015221
04320126
04099429
01570403
10468962
03487090
12472024
07164349
12810595
03952277
09908273
00545501
10429965
10043163
00307419
02186153
08401248
02336015
12495670
10476671
02464725
01523823
01721010
09999135
02994448
02181013
02008066
09825519
02715595
07883860
15199592
00951601
10448322
01016316
05729875
03627232
10583387
00900207
07169848
12661420
03395745
01161821
00164444
07053993
02505998
14418662
12194466
01798452
01545752
03282591
10660128
09073258
15171857
00796392
10186350
08340753
12894930
02763520
02480153
03044934
12546183
05088804
08653706
11758628
03009633
08541841
10319796
00360501
00199659
13618629
05395548
14841267
05033046
12490330
02026798
12577362
02926519
03024518
04709253
01684899
12129738
02599784
01520058
07118747
01692143
03670456
08238660
07064055
01942347
12167075
06323612
08271801
10604491
12053405
01390833
01937719
07207273
01850135
06390512
04481946
12882321
02294279
11742310
11543792
01838598
02267644
01678657
08086356
04068601
00975452
02087745
00409211
00578295
08146782
00632627
01812866
00488225
12201761
02347744
12644464
01205000
14932303
02127358
00055539
15222686
14894140
12147226
12743232
05577410
13863771
04876374
07202579
01025935
09881748
02489183
07308563
09014273
02577877
06620906
11838741
00623162
07396945
05762258
01733346
00921072
01520789
15031866
12875697
00389610
01981699
00687523
00095990
02553028
00894552
01436139
08464449
12430675
10508862
12240715
01663401
01608934
10947108
02628259
06633041
08778597
01498769
01189224
01657723
00583246
09736181
00227507
00332672
02611976
09889170
00051045
04997988
10623175
05119367
00144728
14376855
00641820
12929403
13743869
03561889
12126360
01519228
01840775
12558902
03973170
13137409
00976653
03666591
01197258
12859986
08042536
05976257
02828884
08807894
02580392
06857726
02897820
02437616
06629392
01657524
02283728
02215966
01036194
06362953
14379130
02303777
01209678
01496037
01451842
14145095
00236999
09201301
08143321
04174853
01871979
10154601
08612049
08273843
09541919
08857682
00921300
02244963
02186834
00686890
10085736
04664413
11432508
00729642
01487743
06278136
01048939
10303814
06695862
13200806
09304465
11077762
00752335
06883073
06584891
01667959
05342070
13996061
06418693
10610465
04948241
13952171
04753455
01290422
14425414
02932227
14155506
00145772
14191037
02646667
08929555
09275473
02978205
03400389
04539876
09606009
12759120
05059830
00355365
09619168
02238887
13230662
02583567
00105820
02538406
14322248
00168658
01502262
02163746
04055030
06185955
01624633
01611240
03659122
08261320
00538876
07763483
13565622
12958772
03107152
10585077
02949511
02744323
00677445
12734215
02234719
03809939
09837459
08973776
14493145
07209089
03243625
00104026
00533403
06214379
00724492
01189650
01799794
11566230
01431879
14392143
02592244
00286756
07350069
10324357
06732169
01812324
10217436
07409592
04278605
00958823
02411705
04935003
04641447
01270628
07747455
06515489
06329313
10576962
04219424
11452218
13575226
01834702
01851731
00882682
02136901
13439570
11072673
02498987
10410440
05965586
11115131
01233156
06321054
02291258
08766846
01572978
02483908
00950206
00924777
10498816
12924984
02174896
01360571
14332617
03231912
00601378
09309820
00354884
00288000
09716047
12442220
12025849
02247511
13421462
09076675
12180714
09935793
02981911
12322359
01518343
02054703
02311260
02053083
10266016
03826762
00259927
07472657
15274305
14314850
03322099
02953598
12225769
01807529
05406128
11155444
02404076
01067362
00722675
12151365
02982599
00815801
14881303
01902405
09898892
03708962
03482523
02733187
00307631
13267534
00971463
02725067
03111690
10255567
09866922
10011785
05685879
04364545
01988481
10793570
00113113
01247306
00105479
02233096
08841209
01821727
14546844
03120778
13375891
02885882
00368662
06201908
01133825
02373843
07904395
08010559
09220046
15036321
12878525
03005769
07495327
14509712
09217414
00465762
01498872
00922144
10479493
02799897
15187250
07262108
14973585
12002428
00349951
09154731
03077958
11759049
02284544
01848648
01930117
08425303
14516743
12531328
00996969
10337913
04197235
12265900
08043169
10293590
01474550
07199328
09294413
12443323
08581503
01324610
14193925
02504562
03762982
13526110
03118969
10110421
01879251
07378234
01571126
07044917
00431327
04600486
10826952
03553486
08349548
12797368
05841985
06256697
01687441
08335414
09458079
11841529
06252954
00395797
00318484
13627516
10067968
01258617
07734017
00728641
04159676
03726760
02686625
12477583
00351963
12919195
11202322
09958724
01779986
02308139
02887741
09403734
01546111
04516672
07250034
06337307
03456665
07544647
01583040
14210971
08784333
07415730
04862236
13177884
02694426
01970667
00292247
01052450
12466034
06754816
00612160
04211001
01900837
06879056
08220891
01817424
05451981
01746565
13201969
05329735
03119510
05840188
14731135
04175147
04114069
04663763
07171785
11031668
00396035
10140051
01462468
03474896
00133668
00218753
12194776
07164546
07456638
13530408
05816790
12158148
01191610
02155799
12861139
11742745
01482330
03176084
09147964
00384802
13046285
07902937
09679170
02878222
12666369
11270380
13965274
01593937
04568069
06136258
02727281
00619183
03548626
09427876
08266849
02606590
00147815
03522634
06776679
01356038
08687150
01991982
02399331
01998467
02423762
01423623
08554440
00690058
02202133
02323286
06174404
05574151
01237231
09989502
06812417
12770892
08011523
01868370
14365619
03531281
01710048
00701755
01402169
01895128
00953216
08159031
08964647
02014646
03060074
04790774
02071636
02484208
07489059
04383537
09231890
11490638
02017335
01889610
12883923
06012513
09764201
02443808
14600504
00861929
00691312
05273684
13630864
09716439
14288561
00874002
02549847
00492310
07010821
15249799
01314663
14646610
01267475
00692718
11850748
07596684
08857099
09995573
08232706
01976477
00700652
02261757
05281189
06021247
03485997
03599761
00119079
05796937
14569121
03750912
01047263
13070308
02027003
00262549
02244603
04272638
09727440
14234074
00824066
07183151
10671736
08427629
10384610
04591713
06598915
01861403
11702566
02275365
00823669
02270326
02284951
00024814
05384817
12532720
07152752
12603784
00706975
02390101
03533014
15145586
03319858
10499355
00190023
10221312
10064046
02728763
00061171
00514658
04228844
07736371
03538634
07256932
00712556
12812235
12905412
06099269
01708998
12343306
06352782
00323532
13000668
00462689
03044671
04930632
10184290
01752165
01396170
02653159
05807306
04419315
02204242
06077413
09462312
10276045
10157744
06643408
01677716
12356023
00770437
09880741
06978180
02336449
11942875
01275389
03005423
12433178
01694430
01754105
05553049
02609764
01554799
01573891
05514717
10517826
07523180
01587526
02468793
13966007
04597066
14954284
06705891
00251013
06000644
02656426
01697178
05614476
09279458
09538915
01899262
01345109
00763282
08565701
04275363
00756598
05220306
10619176
02457756
06694540
09366017
11872146
06875094
13561719
12602980
06691442
11977303
13518656
02139883
01897851
09990777
03892891
06328643
00976953
03289462
12888906
04554211
13580415
03075191
12914048
02174870
02544754
02051270
01153305
11844203
03683708
01488918
10674713
12246232
11727540
00500280
01715888
00167278
01956708
06054446
06032246
08040008
11815491
07379409
00706605
01903756
13062630
06673770
09131001
05847956
00013328
12221191
02398854
01149494
10460806
01257701
10368414
01999186
01536474
08569591
04101701
04371979
04007510
00048656
08941208
02022486
10374849
00875394
05864177
02231680
00462894
01766952
07156819
09142771
04365751
02600503
04204755
02644967
12797693
02370525
14460974
00527367
02437905
09289913
01892953
07013549
10682953
09649926
02103481
02936020
12904314
02497550
14031523
14658855
02924713
07803408
06141324
00699626
00419289
02429456
00737656
02398386
04683814
02272286
01877355
01830623
01753596
09801533
03612814
00003356
02950632
14656666
13579287
08590369
01167710
08282696
00267871
01332205
04688246
13070708
09272468
02036982
08066491
00789534
08539717
00139908
04902165
01583344
14329262
00377169
01875717
00658942
06350274
13576355
01527480
02508245
04183217
08780018
00371051
08420278
13814184
00295563
12060816
06824955
01524885
08225334
06359193
05207130
13426238
14487443
10167565
14082595
02708123
09372504
10826717
00553173
02159197
09131428
07448885
00420909
08731148
06543536
06286395
05005447
14947807
10775379
09482715
04353410
00631391
07025900
03374473
01145163
04518854
14768201
12370011
06533039
02542017
15105268
05523420
00578795
02075049
03378915
09340644
13307901
11886788
13468306
01953810
07037465
10034785
00102457
09962966
10123844
02873654
12098665
13225729
03474167
07316724
00525453
11458102
00868591
14535431
13356985
05490983
00219403
08034778
02715802
00961594
14002109
01844653
02627555
12941536
01496617
07503430
01639105
12863624
10734568
10629020
11456760
01530846
03122748
00867606
08906374
05052587
14842091
01955808
10335931
01884348
01456296
08623927
04635482
11819751
11905989
01549641
02237239
11694664
06963951
02321529
10546633
12514592
00808182
01760945
07902336
13010401
12544240
00539546
06214744
02024411
01252875
13064247
02140781
11617631
07685730
05773407
13151568
13658828
06026088
01661243
06090869
01797730
09041785
11256125
01569713
03343853
04356925
12010021
01569060
01428155
01549291
13576101
08654360
04041069
00670261
01977366
07725531
08153102
07160752
14382238
01433294
01617192
02181973
00426581
01197980
11709205
07362075
09445289
06349220
13090091
06074860
11633633
01367772
05856066
01018630
02034986
00796976
10599806
00917614
01826542
01470287
01595841
09432430
06455497
02279442
02763609
13951444
00590269
00610374
08993037
07403920
08222293
13841213
05414147
03146342
09098721
13538182
01508719
09246883
01843932
01946118
00598767
01692864
00403783
05493303
09042213
11897342
12289744
00925490
02925519
12002197
01781180
12893463
10585496
06481320
01381399
10839617
01945550
10455094
06449254
12260593
09617867
04226322
10562749
10706812
01772222
09506337
13171649
14122235
02651846
00795161
14616939
03193597
07427534
02402425
02109811
09128947
00740053
01430847
14278773
07730406
07118002
09348055
12415911
00084371
07499113
10184946
08850450
05027837
01682293
13252293
01103000
13993356
12538380
09173023
14632444
09221571
00721437
09867956
12990800
02409508
12567490
01014731
02396427
04839676
08399586
02324397
05504107
07115684
02323870
12363580
01315330
07428954
01907738
14702703
01512259
04993108
00369399
11793403
07571547
02232408
05655119
02617029
00144445
00054821
04044716
12313574
06439712
01379252
09178821
14715786
07393161
09051898
02801349
00087663
01785831
09178999
04038109
07769465
00114615
01654957
02199712
00963896
07903208
02927399
10613387
09064861
05820462
08431721
13248087
02444819
07324917
01954202
02619020
00521562
10338094
02560823
03229244
10379758
02895606
02586619
12879068
01420765
02135048
08324514
13732078
01917611
10358575
08503921
06641924
05016171
05430628
11204962
11690455
06115476
02599939
00718924
05833252
05860200
02653996
11782036
03719343
10299700
04906026
12978969
11736216
07745466
02484570
10518602
02416519
05245192
11915214
05720602
10353016
13513540
07719437
02084861
08311522
14455206
04064401
01913237
04852750
01198588
02589013
03020034
03773504
07539367
05254393
00562398
12585512
03829340
02726681
09100837
09762385
02519494
13724474
01101753
05313679
08958334
02650050
09215664
11882074
13615235
04694090
14969044
01115349
01532664
13313899
14243268
01915093
13408980
05303020
10155849
00404202
04680465
06528783
15225797
07921455
01842508
02805584
01337653
02751597
00952039
12635955
13990675
09869830
07623933
00181559
01776468
00321562
03785843
14556203
00108181
06689297
04072960
02043497
13815152
00605909
06878934
01001643
06269674
01278817
11945367
14535643
01001689
00839597
01058880
06248530
03527930
08409617
15126361
00604930
00076114
09819667
06947032
01096497
09926656
01261293
14993378
00243918
07102593
00243900
10521100
01357831
06913768
00931232
14042165
04995531
09262690
00902424
04714156
06152821
08857405
02356381
03316274
03922412
07614500
00321148
02448754
05926236
01480715
02593107
04977247
01834485
10378290
00156101
02252608
00672433
01551679
09375693
05178715
00357667
02765464
02214660
00019792
07791274
02328270
08925093
11240733
04627506
01859496
00417596
06688751
01114475
00658913
12250413
08402442
04695176
00336831
13901585
11906713
01320009
11787190
04666615
02603056
04010779
01844551
00790703
01469770
02377938
03036866
08228405
10294421
02582615
05131283
12475450
00185104
08390012
14504103
08330106
04418818
08106934
12771085
10532576
11974557
14450691
02184965
13103136
00974786
00619230
00191603
14859622
02599052
02297742
15033189
08142801
12431128
08312559
00289082
02685585
02618372
06345566
13641534
11797016
00478647
08840200
00493929
03069752
01765178
00591725
13719410
01888784
02336641
11541322
10295951
05844663
03911866
08463647
02598143
06688913
13253612
01884266
04702127
01625747
00027167
00946588
05205340
00623947
04891010
15063493
14753188
01254882
00939818
01230850
09130883
03525454
00028651
11775780
00701040
15158997
03211789
03145384
01495192
05669181
02755529
02590495
02545841
15242599
04404997
01917980
09621545
06495328
12506181
08945110
12631331
02179714
13068917
05283816
00666510
11683556
04530283
12745564
01413942
02625648
03637027
04934043
13183056
08054417
01522276
05321307
12262018
03415252
00957378
09040601
04937848
02547213
01975237
00776846
05015678
10884831
12819560
02685951
01640846
00483146
13607187
00867409
09027089
06755776
01064696
07882497
01069311
15008847
01825009
12950126
04343346
01801479
00179959
08591269
14907122
00143204
01745902
00076323
01873144
02592250
00644503
03888605
11331804
00909899
00532892
01398919
09128201
02330245
14319684
02876657
14456893
01619929
01498166
00021826
11238511
01604251
01323355
03673971
08726072
04788494
05480076
00468583
10221520
01741692
10913641
02371801
01533169
01499261
01892551
02547947
09636339
01532589
03463832
04369025
02519555
02475078
02460451
10310516
06487897
03976268
10561320
12594989
04353803
12552081
08394922
01787546
05230603
10400618
02271087
15155220
04328329
01232098
01653384
11712827
12985236
08413248
00264034
00136876
07651025
05778749
00026734
01929254
02393300
00924825
02764438
15141213
04886402
09071349
00850873
09693100
05701363
00768778
05060052
07578093
00012944
14435187
11462526
02321757
07295955
03993053
00140900
07495551
01772985
11884198
01707925
00146138
03224893
03722288
00783063
04729328
02726017
12219875
05891783
09294716
00738747
05166072
08415272
07083246
12899537
10017794
00992518
00713015
09170788
00388710
13154190
01225562
12557064
00044455
10531109
13060190
03300907
00548913
15121406
15241777
08064130
12357802
05510506
06567689
07093759
07822687
01287431
02467662
01894758
02354470
04511002
12617140
07532276
13716878
15218798
01994492
14532816
01255624
02038617
01587062
02623346
00737973
02790322
11887750
14050434
01710481
09150448
00063557
00890590
07176682
06936948
02116777
01093587
01135795
02547586
01502946
02127100
03632963
02559232
05259240
01497634
00264366
12496207
11356822
05344848
00399393
10382825
01360937
00245457
01007053
10180178
09608709
00958477
11992806
02079525
12183916
02830157
09691994
13521873
00286928
01565472
05011277
00045114
10356877
06100778
00279239
01419082
01543272
02460199
07673397
11496881
00105333
00943600
08389438
08819016
02113622
03173142
02443484
12705013
14844693
00600370
08406486
00081509
10304914
05025935
15185290
02530167
08686979
02621901
01505254
04162998
03914583
01519727
01270784
10999584
00559555
01783394
09089139
00360650
14643793
12564381
02409870
06976392
11708658
05474346
11886537
09840639
02436140
09139849
02648035
05365633
13903855
03836062
04925348
01173826
03972524
02604157
02463611
01955084
02557638
02272152
09952393
01125562
02367131
12123244
09902954
07127006
07710616
12858397
02336255
15108087
10849873
00259177
00980904
00908621
14385403
07337390
02320127
12782338
13763384
00661584
01454810
06254475
08499840
01762283
06262567
13203842
10033082
10465451
03377582
02345288
01901133
03208556
15234764
09035305
05634613
12089178
13543871
02734423
09730951
00987345
02719294
08818135
06688274
08479615
09988063
02057731
00043195
03546766
09649554
02690429
03054551
13932421
03315805
00134564
00326619
02251233
14738752
06753299
14302261
01062395
00285088
09769636
03161450
06512580
01871699
05556595
09089782
06731802
00698855
01813884
00089657
12122124
07352190
10989610
10025730
02624377
00752431
00641252
04172107
10543057
02801938
09626589
03703590
00844254
02729965
00834745
11492014
06380879
00360242
08239808
09354511
12035423
02489363
11953038
12199266
05393023
13089631
07364434
02521241
01877812
06631140
00854150
07475107
02000133
03744684
09132778
11864906
05314639
07588947
12549976
12334520
01985247
07465448
13385216
08588294
02227487
07798554
02585050
00241038
05197797
02819697
00572788
00275572
02529515
10128519
10541229
14117805
00443984
02647660
00399788
07990377
07622708
02433796
02012043
12285049
00623670
00873603
02949542
01524523
13961642
00308105
02035845
01892734
02675657
11690893
03088707
09931418
00636728
00299217
10294602
00924873
01223182
04904996
04083468
00756076
06201042
01042531
13275495
02913152
10371450
00378361
07874531
11313911
12045514
00645771
03039087
06463347
02554512
12732756
09012735
10435988
05822612
05295381
08954057
00905677
03004358
00271263
02223266
09772746
10766025
12857024
10376890
07777840
06053439
09146111
06021761
05571713
12405209
00727791
02362601
02391049
13079567
04802629
00234725
13622591
09464335
02777927
07302836
12116583
02632694
01098206
11099729
07745197
09235469
06021499
10867708
02142295
04928416
02462828
03422589
13960464
11083656
11923637
05487423
03881534
01728572
11761484
11851101
02764828
10087736
00339934
13745420
12263038
02383831
06466479
01501113
01925133
13947645
05493758
12522678
01213702
00827782
14444644
08550076
05229622
02996249
12036368
02296612
01723963
04402057
03155334
07447261
12387839
08409835
07151122
12433429
05739043
01736098
03516996
01318053
10433737
01162425
09282724
00715868
08049125
07125958
12018640
01785532
05238282
08012765
02586865
01010458
12662223
00880269
01913035
01959022
01674850
01968045
01900488
14494032
09833997
05496990
08159924
08229467
00407458
12642200
02897524
12312405
06307152
10290422
10075529
08329453
09714264
00866882
00513401
01773549
01169589
10079210
00088725
06616216
13427078
09803429
14310292
00855512
09711530
02473431
13934900
07420538
09724785
05082507
01770553
04125853
12286372
03047353
02058590
00643250
02934594
13496286
04022434
03612134
00431826
09887496
02435689
04412727
08259156
14351321
01583993
00973056
01634891
04871374
01944086
06313651
10345015
09454265
01658762
12614962
13171797
03550420
08780282
00243606
09495103
02228355
01558440
02156871
14628920
02773838
02709906
11728530
01584321
02134589
02368280
06106820
02115913
00290276
12729729
14547369
02119874
00064095
08717915
10787470
00845299
11815194
00798108
03753826
12063887
01153007
01543731
00144314
09879744
01862557
05804491
11893451
10293172
14436029
03268142
00405540
00030010
14409489
02197545
02930766
00109389
01012712
03030035
00941974
00403967
12345280
05660268
01953032
02603673
06118563
01201429
03634469
07644706
00856824
01898282
01535005
07342495
08725692
14485064
12474828
13037124
14996020
10132988
02891788
02558703
05332802
00368847
00344421
01496331
03661861
02656189
02046321
11327273
01919714
12583855
00337404
02983097
04763293
03417345
07628870
01139000
00394563
09979072
05397468
10052497
01769347
02512305
00263492
12386945
09353109
02613687
00231567
02962200
07769306
02149899
00068627
10836029
00021065
01360899
07818029
08338847
01098698
01252730
11292391
00903212
01418389
14067076
02611630
02502357
12702948
10656488
11904896
13144511
02278024
13725108
12013323
07901457
13858604
02567201
10207169
00646413
01578575
01862386
05772667
08382297
02114924
00636279
12243927
07737081
09349192
12972818
02191273
01754876
11832899
09752657
12131405
11300893
02666943
01049475
09171376
08396207
07042586
05129201
02346895
01107359
00340192
07993109
00590148
10757492
11654293
00529411
12113657
10119953
02727009
01194225
03195485
08276720
06915313
00124880
11910070
03670208
04243941
09971839
12925179
03717750
02183175
10727016
12140358
08674739
09851876
03787759
03612965
11704093
02187427
02330407
01080064
02142993
00050693
01104509
03854065
01889129
15269128
06008896
09063673
10700201
13298701
00150762
05595531
01457276
04915462
10299250
09033117
01988325
04464211
07274425
12900783
02081178
01172441
00189257
12047173
09321180
00795008
09899782
01053771
02334867
13082077
04332987
01574390
14384796
09759069
11859024
00335384
00941037
14224757
05690091
03685962
00185438
11846970
02075927
00185778
13303315
06769032
00360485
01282466
04771332
00663549
15194506
09358096
07258332
03376279
01088749
02414473
02712443
07160116
06996309
03533486
02607862
12359734
15271619
00974031
03825080
04910684
12471366
07796165
00918383
01672032
03938244
12105125
08730895
08017614
15006118
02212602
09886220
02667698
02523877
10402417
00583089
02466134
02625016
10792856
12759273
08726463
06453119
03841143
06452363
04918767
00914215
01703569
03058726
06738162
01929396
03436990
04099969
04521987
01807988
11952900
12760722
05124057
01684741
00868910
01437805
05965195
10829450
13627327
02476870
01363648
01005284
06578654
02348568
02495038
12320806
12719455
12874231
00575083
04237924
12391745
13387209
07099271
01219893
10969305
00109660
13869991
02296984
01328705
00360092
04858785
05987650
00592199
01634684
00192613
06737112
05277532
08813699
10115082
13327676
08241654
10462860
01596761
01614343
01597194
11891541
04302988
05475134
12623524
00430099
13839662
04081044
05957238
08619457
05378234
00839778
01653013
02100709
12849061
05584928
06956129
04981044
02469596
02585872
11461825
13152742
01732789
00037457
00354452
01440949
10164025
02531503
01578254
09459114
00712708
01374465
03126580
02486410
11121876
02558980
00715674
06962600
13712428
02423787
05512835
01224744
00526793
08240633
07211950
01101913
04996571
10197967
13233727
13032381
02574205
03891851
07269758
04777098
02626604
12584057
10864635
00345312
10851599
02196081
06533648
01680132
01016420
04934220
13224673
02329733
12682411
05870180
00985800
03634723
00243237
03772269
01046587
12291763
12288422
06619065
10790192
07217924
00674158
14135065
10334567
09032191
02636854
10443170
01957529
08292418
02533282
02507464
02300060
04248209
10343554
04287153
10804406
01836673
00602255
00300441
02072394
07660065
01679178
07686873
11414411
11823043
01266945
00344040
01355646
01461646
02250625
03429914
02352824
03547658
15280695
01968569
12751172
00293977
05227209
13926932
14049098
02539251
11564258
14780040
10548227
02228698
01831078
03167978
02844307
02450256
11786017
14181049
06763681
00273319
04711665
05331171
11334003
12425281
05093890
13884740
05376844
05332225
08039601
01028079
01774918
01249816
02458943
06113415
04747899
02081946
03102859
12491017
00197590
01707495
10601526
01779629
00156485
11940006
01735062
00790135
11821777
12408466
01673891
10608385
02189670
04737234
01378346
14068344
02766687
06681976
12329899
00825776
15089803
10219879
11992674
10453357
00931852
02695079
00357451
15156001
14036539
12691189
10744544
03176594
09377315
10035430
01419573
10254761
13960117
11718096
01884974
07352048
00145218
03898633
05760877
12245695
01926379
00119524
02020777
02187759
09770949
00488430
11534677
08856945
03295928
08715952
10792335
06687358
00513492
14085220
00205891
02147109
14832193
00606335
00283703
15022389
08119821
00308370
02704928
04355821
09349648
04384016
02058191
01245637
13212751
04209239
00825648
00317888
00698256
07168486
14525365
03431570
10780284
13335172
00336654
04990525
04778630
01938426
07447022
05689109
02471300
09849012
05593476
14137829
05126066
02787435
14595543
02289466
00210738
07092158
01222645
05328115
04836074
00657604
07681450
12241699
05408684
11173199
14632648
13619920
11240609
00951037
06573600
00279822
10131815
08721145
01719914
00186567
00892467
14448333
01807770
01486312
06942252
03314028
03654826
11658709
01553142
08242100
01962788
03913702
05697135
09682122
02831595
11903671
04951716
02440523
12853901
00377686
00949974
04550184
02274259
01004403
12577000
02608176
00962567
01785579
03322940
02515560
00322719
11771383
01180701
07298154
11108195
00081072
01841471
09062961
10805638
06966454
10525436
00597216
12834938
08183046
05064827
03368141
02562315
01921204
07263220
14644249
10280945
14434866
02434238
02112497
03757428
06726761
02285909
07255174
08846626
12114397
02573275
05675130
05055503
07394236
12224522
01643687
02027612
03220802
04004767
05030806
12878169
01444326
00089324
00298497
12826516
02231487
02197360
07363883
03473966
06761099
02495446
02536557
05657718
14496977
14897751
02692513
02019929
00050037
07410021
01834918
12538603
08357258
08844279
04912732
01806109
14180848
07331759
12567316
02641298
08186221
06218308
02048698
02324478
10104756
00143885
03777283
00865776
06151693
02174461
02653655
02025550
06630627
10022908
01794813
08149781
13318147
04062644
00176874
01862776
10271216
09029242
00160288
14047440
12533190
07579076
01468327
00804476
01377571
00638194
13955461
02269196
12557995
08478482
14018918
12312276
08994834
07711080
01218766
02621706
01395617
00377715
13235503
10472799
11888621
00338821
07967982
01436290
03755140
01963130
00917759
08889521
02330742
15169136
07826544
05984287
02903062
11915658
12862648
09306642
13810141
04469003
12285512
01705717
13512725
04656748
13954818
00145024
00097504
05902327
05435277
12927494
03096593
10788852
12774127
00797697
07542675
01496944
03011521
03151077
01781410
02583096
01532329
02340736
10055566
06440663
04536866
00848466
00256507
13412321
02441942
11132462
11086607
14133750
02737187
00921790
02702830
01027508
01644699
02318464
10466060
12863234
09184975
03493333
00940842
00261029
02439286
00570205
06133203
05194578
01883513
01486706
01467986
00064643
07901587
06690226
01003570
05650579
07273136
01734300
06904171
00389406
01955933
02080713
01393996
02049299
12694486
01569836
07721456
01650425
04429756
09240621
00354183
00305537
03341297
11418750
10102369
09700964
04599396
12868880
03709206
00300761
01613239
08542304
00371487
00702601
11345181
04110654
00533527
02380571
04983848
07913081
01248205
01209220
00193130
10200531
00740609
07723177
01592694
05654873
10775128
03078287
01353405
10511069
09268480
00593389
01259691
09164561
00783042
14723425
14118138
00974444
06316048
11253248
01759326
05765901
13625063
00864910
02315309
07575076
10468750
11720353
06608035
01454636
00671022
09762509
08558770
00187147
10375690
01591621
06606464
04310018
13450862
12537437
02113850
06012726
12315424
02310334
10403366
05256085
07129422
02641378
09118505
01862399
11922374
06958615
13306870
12429352
02410313
09151114
06979249
06793817
09889065
02686379
01684435
14038482
02761685
03928116
06720216
00740048
01950798
10257948
04880573
01794460
05147940
02596888
02684254
13277886
00430140
01262574
08678615
00342565
00811661
00696882
09977660
12688903
02360480
14436438
12933616
15226732
02474777
07484265
08147794
05283498
00182213
00120515
03326795
01052301
09957834
01600657
02157206
05825245
01459542
01251228
01458105
08279665
04070727
13278375
01401106
15292069
14457218
10140783
02123314
13561896
07962124
08724726
09697070
00641672
04405540
02060719
00623006
01809655
14866889
00595545
06440489
10418101
12773917
01078235
07866571
00303495
10486349
04071393
00031921
05821486
02288473
10579835
05720248
12800327
06172071
10776052
04657407
01547390
12164065
02004701
07932323
02431122
01616970
00999270
02967407
05776679
08848421
00777391
00093593
06022291
05786372
13558490
12995724
02559180
00691516
14642916
05006285
08992181
08238463
02409148
06587596
13304186
03941684
02018795
14248541
02437148
12029929
10536416
01258642
01976488
11898271
00515791
02063516
01478300
12002957
07651454
00619972
00063724
06828818
02540412
00031820
00052672
13898315
12010458
02102796
02515214
01478423
04309348
13483726
12641180
06562802
01615949
12945177
04745370
00072989
12258380
12005500
10662649
14500567
10081670
00589494
04337740
00657016
00220276
06222959
02626405
05855517
02765924
09048127
02348036
02268351
04086794
05796750
10702781
00959524
01694709
01898893
12851860
07468244
15055633
00175605
00737536
04758776
01163620
04526964
01143040
00212065
04395875
12913004
03328392
02482139
00130093
05349906
11380923
14181409
10852803
02365848
02171633
10529231
01357967
01204419
03846772
09771855
08169573
07366799
02184114
13514314
03171228
12456527
12028818
09859557
05998356
11054034
10126926
11234813
07411645
02256656
12169526
10458834
12075151
01445027
07621618
04074482
02531422
02191617
04899201
00153105
01558681
10625546
08524262
01611067
00735936
09298698
04863074
07643026
07093603
04866465
07217782
12983404
00779374
04002931
00032981
11483990
08724545
02236896
03528263
00646542
02371684
12345709
01305361
09081213
09128372
01189427
01539136
13716084
13964879
02508615
02617338
02694933
00198631
00231887
09654687
14671372
12771390
06149192
07767344
03568653
05002352
02258487
09031233
02563724
01991744
01815628
07854813
02090990
03457686
04161358
13005329
05060783
06590210
02628856
02582437
13341756
01606335
03348454
02446504
08287586
06768901
06121113
00965687
09609232
08978821
05497363
03970156
05511618
04817923
05035961
12475035
09908025
00990249
03599964
01225397
01057759
06637677
06084469
01369758
14132524
02115430
11653904
02118242
14497763
01477014
01783158
00697062
12871484
02041492
06034611
01436015
04905842
13100677
09172111
01256487
02344785
09809749
05855125
00973077
10901192
02295717
02932523
12891469
05484573
04651974
01020934
10395605
14317221
12808227
01945443
02498320
00644967
04889337
08736517
02058221
14501726
01621714
00015303
14807737
01792640
02580991
13742573
13298935
15190520
02207942
00569318
02282716
14749272
09800249
10897946
01176931
07618871
11886380
00181434
01918984
04027023
04387706
05068080
07995164
03876519
14440137
15139691
12603449
01011425
09186064
00046177
06179792
09719430
04392526
14494893
03362293
01751021
09374036
02014553
09779790
02460483
01845720
01771966
00725274
07804771
08915784
01613909
00118552
04176528
09224325
06235829
05543541
02902079
06708167
00079018
12334293
10000616
00202569
14588492
12709103
06617011
12342498
00716055
02314717
12563913
09784443
00935940
01788733
01411768
01557614
02326695
06314144
13198728
01500873
01853379
01405737
02380251
02415831
09795124
07177437
00713952
05411049
14445379
02293974
00025985
05457469
09252766
01694558
00051170
00973888
02792305
08856266
02389559
04500060
05343408
02525703
00657728
01129201
07314658
07640203
14449126
12804216
02718811
14407899
01623110
03617095
00662589
09720702
12512947
01084637
07676425
03758614
03481172
04413419
15205532
12847374
13218722
02192992
01389776
03710721
09386422
14283178
05667613
02084732
09940818
08756052
06562993
09292545
02767308
01855343
02235761
01626138
12155259
12847008
12155773
01957202
02174662
10198832
01191158
00046109
02563860
00017031
00138599
11748811
05494130
06814870
06605046
01720496
14957270
00970215
08135770
09690371
09442838
02509694
14325437
03133177
03912218
10740017
08821187
01998920
15299225
03553708
11081828
02626762
01932358
13934596
00467995
03246454
00189189
02546873
10880024
01876326
09685564
06732350
02356567
00427580
11827169
01254978
00586973
01624897
02696801
08215248
03222722
07292577
09944763
02687916
00721302
05246511
00101277
03566860
14359952
09467185
07106800
12147031
06575227
00129089
05251537
10629647
05236029
02742638
01269360
06260121
14246710
12023996
09338910
02999410
12613408
00333829
05432948
00571643
00909573
10091651
02443114
01661804
07561112
00359511
10369699
00567291
12605019
07889510
01845627
15209413
13291189
11775340
10734963
00015163
02512150
06805962
05543917
01418959
04248010
14237561
15065280
02124748
12062468
00662972
05525628
12615986
11997775
05462674
12751043
09692250
12258663
01800759
00176327
02727039
02083087
03755712
01544067
10789963
10954328
08790748
07763629
06609503
09708405
05663671
00356621
11386503
09355850
08720481
03335030
01822300
02013034
00035697
10252075
04262678
03600285
08081668
06709692
09875188
00459296
07525057
02340813
00052374
09405169
09855433
05547396
02245993
09091398
10325774
08288753
04998530
11084895
07484547
00567685
01809446
11031995
05048301
09070363
04096066
01887076
03617594
11079802
03725035
00044037
12073744
07970406
14506656
00766418
04898804
01285305
14398523
09184668
00132756
08151490
08406259
02802721
11713960
13916721
14295248
01404628
06720371
05978623
00173159
08052549
04544805
02321391
01911888
01245986
08925830
02740300
15273955
02357873
00782927
08898633
08389094
10656223
11426530
10141811
07344233
04402580
00069166
03057075
12193334
13610162
00624436
02309341
01551195
01076863
03567066
10410246
02568999
05872477
13460299
02412164
02814453
00194912
01419332
02671880
01414088
07678193
09757944
01582645
02636516
12813024
14175313
01729838
09929770
09379111
08847694
00763901
00925207
05047279
05501711
09612131
01389329
00108475
10554455
05931152
02679415
07230227
05512670
08355324
05320899
13329047
12777436
10338707
02374914
01414633
02275152
07642182
08804662
01808374
10005548
13261916
01262113
10722385
00239024
02094755
00320246
09906704
07230502
05562249
13069535
07486922
07053732
00970732
00625699
01386200
01566509
00927430
05792842
14585519
08235828
05817396
03087366
08563180
10399299
12898226
02624806
00885925
01323449
12561309
11789280
01012360
01239862
01385920
01236164
02577061
02060141
00733883
01733757
12761284
04017137
01409642
00145623
06805297
10638136
01929951
00155487
02575168
07309781
07414566
01628148
06539178
00440786
10363445
09023321
02114056
00755745
09991867
02483564
02533209
01338663
01333082
02171869
01673118
09859684
02730471
04997032
08086646
03709644
15252146
07385803
10162991
05766984
01305731
01974062
01748273
06918042
11629501
05541872
01406512
02635013
02721538
00033020
06804483
04899031
08750822
00172073
00990008
07255027
02653965
12118414
01827535
03586631
02191766
01835496
11864364
09130076
01048059
01860713
03834040
15279104
06261060
14720962
01594611
08903220
13600097
01946408
02092468
04678401
14092247
14681555
14531983
05682570
10787197
10614629
01615825
01354006
08456178
14879750
11820965
09210604
14474894
01850035
01775164
04499660
10376523
03843555
10388440
07222581
00632201
01076046
00032613
08097222
00850260
10007109
08211760
03101156
01455639
00076072
08673395
11460063
09164417
04492856
00775006
01577093
00590761
07783827
10394786
09005273
12109719
06684572
02098458
01788932
02047260
10255096
05239808
04683002
06767693
05794403
01038538
01240514
10119200
02248510
09426621
05697976
02630281
11800799
11451442
00250259
12049134
00578116
00387657
02522247
09085209
06150633
12189429
14669413
03003344
07289014
10432532
13433948
09513902
10724699
14344189
02458822
11145199
08254055
00902289
02634808
06999436
02255144
13521072
05679611
09909760
01610955
02232951
00813790
08573674
01840278
02457058
04417809
04545471
13325010
06604066
14138691
07330560
00754873
00206998
09194357
07990956
04389033
02338901
06547832
01854047
14799244
13448334
09260010
12970872
13543231
11418138
01315333
00339738
02620318
01294396
05368100
02683316
13653902
02938886
02079933
01650167
02136271
00053159
06652878
00647542
00249017
00047172
12846143
00514041
12651062
02250822
11772702
00836236
00780148
02547225
02911485
02483092
05962936
03830448
00776523
01660386
12395717
03008275
00345641
02406916
04006727
02736778
03393324
00657550
02297142
01733634
13608319
14101083
08398036
02140970
10763878
09083390
09131205
10053808
14170772
04631067
00430191
12284821
00075708
02548710
12155583
13962360
02192383
07501545
01701311
01840643
04608567
01204677
00459114
14040846
03430551
07754279
13970764
09178141
00843468
08975106
13047385
11981817
11269085
02510455
03962525
09012530
01357328
08746475
10292316
03148324
10493685
05010801
00002452
09080554
02538010
02043190
12677427
09170996
02494259
02221454
05712892
03746486
05353819
01683758
01691384
09031653
02231328
04935239
00259894
00018158
01786048
00978413
12132502
02317661
07637045
07449157
10881092
12455787
02614288
06826407
06764751
03102654
02145424
04646548
04519887
02442205
02515341
08937995
07578363
02652494
10281546
12286826
06516087
01932495
02765028
01742415
02286687
01206553
12610740
13658496
02414578
05849284
01370561
12839839
02702674
01428580
05166805
06142118
09759311
06288527
06708475
03268790
06536227
05823932
02305799
08772794
05402091
04914694
00865600
02110552
03287459
03823540
12933164
12219289
04797482
05385363
00849788
06453723
14412725
13769317
01452496
09307902
01342269
11744583
01130455
05370918
14393161
01153548
00745637
13203251
14356993
06449095
11645271
10602695
06015053
07136940
02165754
04135315
00781168
15002959
07502980
11513880
01562209
10837567
13836371
01893825
11036140
01484027
04029125
12027538
12366675
01933093
13204826
05001867
01109431
14856263
07787429
04373264
05593017
00115667
11458314
05101815
12685431
05928513
02238770
09872066
01937579
00020827
02183857
01445932
02560383
00249188
00647070
15233778
00096969
12410032
14080622
02085573
05285275
11696776
03870105
00943363
00791134
08999154
03005920
08346031
11604225
09944022
12996068
11014833
02230782
05147586
08937594
02610834
05442131
12799776
00572043
08467258
11075823
01636397
00596592
12813870
00729378
02987454
00511855
01893313
07537485
12794135
02184610
12104614
11192666
05476256
05018785
06266296
00705778
01295918
02796623
09870208
08978161
07421859
02465939
10523341
15295045
11079544
12132092
06363778
05537576
00824767
01287388
12884523
00007846
07478318
02257149
00014405
06548671
09241929
07122639
04142549
00394813
00638080
01940488
13173882
09089923
09311259
13580058
00536304
07546125
02298833
07013400
14752952
01097192
00403466
05865454
01222477
08375369
11527177
12593689
12163649
03280813
01630903
01493142
04264914
10095061
01969084
04205318
07248653
10095420
00072473
07891433
01331518
01062555
00841580
00313647
01122601
02703790
00011757
12190869
00485435
05373924
12087807
01452593
11275636
07725158
07123404
06334512
00781303
09265274
12601805
02493030
02447591
02241008
13712592
13587963
11810190
12112789
02588122
09644152
01250335
13764213
00595935
00281101
01682582
01688256
11087612
09892693
07781801
08111157
05144079
02420232
02206624
12098227
01817574
00724832
02922292
13844212
11525480
08765771
08713655
02951170
05050379
00367280
13343526
00673863
03393912
00442267
00272683
00599064
13462191
01134861
05776212
00666350
00954038
00033574
07990824
01767163
04400289
04792679
11458624
08496655
01740608
04721650
11398344
02025009
02483224
01732921
00980779
08966085
08812952
14749543
00327031
03641706
06598445
00524083
09987696
12748248
00206302
02273254
15268993
00664483
10073992
01297401
00380698
02703499
05820170
03834836
15146260
07443761
12818346
03022349
01793177
02103841
09366597
14523090
13867276
13463656
14992613
01503268
00034948
03685307
04835260
00577170
06423754
04841358
10332385
01753959
15218037
02185373
00780575
12325667
03975035
04307419
01002740
06153186
12933827
01791625
08905313
02639075
12478283
09371816
02965783
02526673
10228592
02581900
05053215
10181137
08892766
06561942
06288024
08708609
10720097
11996251
12924036
12851304
07381423
00876874
01900150
12006503
01691951
06919712
03079136
02510240
01479545
01441100
03719053
11825988
10779775
05087297
02493509
09770179
03612378
00432839
00125633
08747737
02245403
10705448
10479783
07218470
05448597
00217700
00604321
02394477
08025112
05921123
00162167
01981137
07436986
01039140
09025189
09370552
02376958
12736455
00297404
04494204
12203331
12168126
04465933
01645421
04887129
02894605
07358576
00043912
00582868
03065063
01603418
01173813
00396513
00029336
00146443
10246395
00292507
11828973
00188721
11622988
02627934
11492388
05710020
01528542
08481832
00668099
01246601
08356074
14933314
08543625
00953058
01601068
00096513
10355806
11917407
01054335
05289057
14906850
13887319
05820620
14538113
12688526
06574473
02484975
11838413
04353016
12071965
01750027
12821257
00273449
08267640
09385911
01896295
05194874
01897779
09780249
04487996
00508192
08557482
14530659
10003283
12104943
04161981
07260623
02703952
03513627
11739199
12982103
12518305
09994943
08950787
12022382
05204637
01934554
01572174
02683558
06281295
01926988
06142598
02236124
12907287
00770543
12787196
10323182
00615462
15156424
10563711
15152817
07221094
06339416
04628080
02609466
10810923
01679806
05399034
04372171
10143172
03299929
12992868
14698000
00073525
01315805
02123597
03795976
11997032
00441445
01879983
01204803
02103925
12522188
02027226
00453731
01636008
02175569
02696384
02642935
14100769
05808102
00884778
07640844
13957601
10361060
00207418
03061081
02275921
12642734
13174206
07160296
01205961
10391653
14189837
07791663
12633061
07560193
07761309
01803641
02490686
05635448
01758019
00886807
09897696
08032955
02419796
00662485
14762038
10595361
02147591
03201638
00808191
14289590
07556872
01112364
05822746
09945319
03638883
04377057
00363268
10328782
07624924
01288272
02639786
02226183
13434120
07028964
10098245
13976527
02099774
02614978
01040390
07507098
03091996
01887576
05370410
14492373
09875353
11226126
00951433
02784218
01429455
02440705
10693459
00693401
12283981
02267989
01773319
07132415
15152261
15153472
10607706
03439064
05257593
09207288
07416441
10200047
00758459
01593614
02164531
02375592
02080415
01189604
07757602
01164273
10589243
00101191
10679998
02186399
09998907
12507670
09092352
00531201
02860063
03902220
14224547
10759702
07944050
02669081
01482075
05913275
02595662
12773142
02719105
02527294
13793504
07442288
13260645
00463234
01324799
14321469
04593866
08819883
08462320
00531904
00364629
07921834
13063046
06343520
14980910
02618244
13121104
00670991
01476180
01583142
07124340
03106722
09972010
04198797
01800042
09949946
01809321
10136959
01019129
01831930
08613593
07803992
00382474
04819026
05616092
02916684
00811221
11080745
08069878
03181899
05601758
00320681
00816353
14169128
05532225
08988609
06736529
04912982
12448136
00793271
07954441
05137165
07814925
06435916
00315390
01560636
09962789
00552619
15032071
05014099
03488438
04336645
12118912
14503665
00865664
14562324
08836630
09138935
12359026
00915830
08494459
06974127
08114581
02863724
14994004
01810126
00061933
02134350
00192836
05901508
01823370
06742173
00165298
01202904
08594886
00940437
02261419
00623545
01471547
05470189
12191461
01137987
00874067
02173571
08959254
00158222
11553763
01083504
15126595
03250588
04048075
07961379
04370456
02071294
00397010
03160309
00796586
03343354
01668421
08137251
04794751
13756125
14395955
03936568
02286425
01581933
03203641
10676319
02628600
10530769
12728164
01008378
13170661
04890112
02308552
05749619
03028079
00881649
01629093
01497458
01007676
03452449
02261888
13924659
03613294
05542052
04949066
03085915
15137890
06790042
12982723
00868799
14387807
05108947
01573276
07193596
09408977
14276360
10444194
13461162
01872877
00955987
02166567
08292756
00700162
02526934
05757049
04283378
04833276
03501614
11395199
10186216
09188609
02273922
03677766
09915964
03621049
06970645
14687818
00878636
12959802
14645882
11511004
09124399
04443918
00362659
02670890
11724109
11422597
04865114
12877244
04995940
01495340
08112630
12449784
12893094
03958097
03269401
07770571
04551055
00204943
02169345
15130434
09168592
13229747
13042514
04731497
12793284
00682436
04750547
12523475
01407904
06907567
02533834
00800270
00464321
09731906
13441812
12460697
12086362
12808007
00853633
00688377
14779550
02041678
10490141
01799086
04018155
00067999
09540055
02620443
07246036
12214605
00378069
06731378
10688975
01631035
01488539
09752795
09371151
10305802
01783571
03328201
12034828
08749447
09873242
02149297
01933478
12379531
07765728
13530108
07825972
02301452
02545272
14461679
01809106
14334122
02573406
10578762
05703956
04086273
02379528
00810729
00805524
09909060
01176567
02230056
08366753
01682761
10182913
01596142
03476684
09108055
02310482
07262704
02726305
10325957
00283090
03860882
05248667
15177866
03287178
00285314
02965300
02496816
01194238
00975584
10306279
14702416
05565548
07059255
02272707
08919475
02659763
02477890
02363128
13222227
05467758
00357275
13544073
12417686
02182342
10680153
10437262
02042180
01030022
13140535
14810561
01289631
14871601
09434345
14867858
14057371
12529353
01733667
05715283
01127411
07439883
00738966
02319967
09355623
01353169
08664443
10488865
05590366
14580090
01225461
01551430
11722036
09557387
12145802
04349701
05876912
13917334
02821627
05596651
09027853
05979595
01787191
08900047
12410205
14740915
02403325
00785263
05853449
05565192
03406597
10553235
02237338
01385458
07620327
03125352
02054989
01230350
00934744
02456776
06449477
00989084
02102002
01487311
13104059
01579488
08049989
09419536
08437847
09435965
00862683
02822220
00459776
08952190
03631177
02296726
08059870
12092930
03413428
11707668
08568978
00361041
01513430
06210363
00343249
01623284
06778777
02066304
02130308
04184701
01072949
07314078
02510184
01963795
08419163
01112584
05343718
12917901
01532107
09111955
01424948
04257986
04642980
14514039
00217773
10092488
10780632
11652217
01990168
15068754
02592397
10564400
00576684
13074277
03076708
15184755
08493261
01453969
02563068
11689483
06347588
01282545
00774344
05202497
13024012
00604694
03385117
04830102
00052548
01795428
06759349
04791740
05723417
06004685
01724185
13265904
02408965
08770013
01629589
03420559
12661873
04716210
00844994
02343595
14255234
01015866
10497202
12069488
06882561
12611243
09951070
10053004
08155518
00639356
08729452
00495524
07447641
11703386
13997253
13906345
10307114
00563494
12096798
13879126
05421414
00471196
00428000
07774032
01433809
14365741
00739340
04881829
05367912
02647918
08897843
03405265
04540761
07550369
12383402
02364221
14452616
05387544
03852280
01884476
00158185
06330528
02690613
08971025
12912105
12713664
01379636
02013571
06543246
01941093
09698337
01188273
03231160
13633375
01574571
07047011
12724201
01631759
13793776
12223405
13356569
01366015
06018022
05542193
10039164
12501202
04218383
00667224
09896520
02232086
00897811
12394494
10071557
10895549
10152083
03975232
10301261
02398732
02746365
00745187
00915423
05229805
05145118
07330828
07086518
08098499
03620052
12401684
05685030
03812119
13195151
05198036
12837643
00647770
02260959
00151279
03192142
01465713
13166338
01560184
02568087
13205482
12443547
06729499
05220461
02614023
13137225
00081572
00735866
01047596
09479424
02217695
01574292
13829047
01579028
02426799
09885416
06263369
07398659
01689379
01463520
02612393
04013729
05934673
06430996
13002433
03796605
01702087
04018399
00050454
09352282
12336727
12119238
00783199
10070711
01824751
05926358
01119169
07014320
04834605
01566476
08325851
08722084
02810471
07526757
01633949
00347104
01302183
01562584
10875107
09134386
07760153
00446493
00955148
09861946
08630039
12741409
12940427
05612809
01683582
02071974
01408253
05684003
12837803
06220819
03722007
01846413
14356578
10557246
10554243
00322457
01015104
14039534
13275288
02645597
12715195
00168237
11659068
00158804
06860177
08663156
11614713
00824292
02505358
00126721
01549187
10037385
02621244
01582856
01493687
02943241
02190166
05831784
01628197
12414932
02966372
05088324
13751829
02359204
01055558
08023374
05287882
06070929
14561102
02251067
11991080
00297906
01843689
03292362
13044778
01857171
10562391
02584325
11850337
13523661
07338114
02155872
07214267
08723006
08701410
12319204
10153155
00125841
02463403
00056334
14015596
00360932
04091693
13608598
02611767
03695122
04960277
05983217
12819728
00804002
13030438
04127633
06176107
04595855
07553016
09335916
10004282
10803031
00811036
00189062
05687338
00355919
07117472
01452918
09852081
00145929
03182232
10401331
13687278
14749030
09631463
11903881
00553823
00394803
09068921
13192625
06700169
10812047
02711835
00800657
04946078
01037148
07014752
00504975
07381864
07884413
12974987
13607985
09863031
01985797
00216723
02429682
09853881
08215801
01067070
05960698
14370267
14594708
01528069
02804590
10209082
00574227
02860415
14871968
10360101
06885083
09898346
11144431
12404484
05022709
02197185
12809626
13250930
12756457
07226545
08102555
12556793
10695450
07234230
10804287
10713502
04884450
13733167
08559508
02125032
00053913
03343560
12657294
00125629
01580467
01801371
13294503
01812337
03926575
02030709
15246353
04732543
10025060
13960974
00605516
08939562
02587300
10995592
00961001
12815060
00945255
01047937
07641581
12347892
01701634
01615457
12703190
02699141
13752443
06843838
10550673
03488188
00955060
00287848
12114226
13141564
02435311
13150378
04103918
10019888
03315023
02536864
13806964
04785908
04817280
08924560
11413661
00263682
02218371
01452255
05965388
00924431
01655344
12036939
12057211
08639776
12048772
05814291
02590987
12350758
04876985
14798450
05275905
00438495
00321731
10419047
07436100
02734800
00733483
01975121
00372013
12278371
06239931
04872531
01414841
02270473
08348400
01155893
01087178
02710429
02162672
02103406
10802283
09991026
00154233
00222376
02456031
03784270
14794823
10617904
01300937
00853445
06838868
00294190
01134699
02385813
11818945
02169023
00893435
15187077
01925694
00986750
05856388
02075727
15224486
00858849
14082303
01469445
10327583
01674544
02650552
01854415
06344461
02876088
05617107
10763075
02924116
01418498
01708676
04557308
06828389
06558678
10251779
02137549
07432973
05303232
14418822
01526956
10102800
12718807
08381636
09826821
04683453
03561169
03285912
14414294
01432601
12459629
01629000
14644654
08224684
04004210
06611147
03114839
14421373
01963655
04186455
02855089
01482958
01184407
13341052
01993031
02624551
04988258
03791053
04117216
07847453
02427958
09378801
01260867
12488454
12571606
14407070
00078760
13388245
09614684
01069980
01387617
00763399
01321456
12218621
15138241
02491383
01726172
10066732
07229747
05474738
08647945
00411547
00773432
14394094
11599165
06311852
06264176
09051726
07555402
12064814
13065215
01880113
03563967
11825535
02679530
10333317
08924238
07362218
13250542
08139000
09424270
05136343
08841483
03488603
02013889
00725775
08404373
02039942
08918248
01378123
00828990
14941884
05755486
06700325
06386156
00952841
00580512
00547995
10069427
00914634
00240754
07609840
00372958
01963942
09715521
07956426
12354068
00981830
01057034
04741807
02657805
01996574
05575002
05650329
02653381
10204921
06833890
00911261
02404224
12056601
07310642
06620063
13188973
09361816
11194205
02443609
01036804
08078819
09853305
00403092
01018352
01310249
10634990
07736813
05069199
01926311
00889831
02724126
10010864
13501738
02926288
01890718
14724436
15048463
02550460
11127188
12874429
09852679
04754440
01857392
02061495
01773535
11924445
10058777
01411727
12364604
04314914
01163429
00766234
06433923
00938791
10461169
03472232
09012898
09608377
01557185
01461328
10118844
09546453
13935227
07139151
04897762
02156225
02673446
12300625
12898959
05045208
08685188
07828987
02325042
03283827
00220461
01735898
00916706
01886728
00322488
06493721
12620031
12811856
05061977
13775093
02865665
09590205
11485774
05476754
11488387
09334396
01688812
01807496
09327077
05289601
14634232
05453267
15011987
01764586
11899595
10064405
01396776
05962602
13549488
01724459
06192789
13874384
14017206
00724150
13547199
09010085
00614489
11826569
02542283
02382948
01684180
11739530
02600490
12127890
13366537
01068773
07455760
14586258
01978744
12162905
12719684
15091846
01065441
11848253
01174294
00372977
11724363
07240549
06468818
07296190
02576921
00789138
04829282
06512324
12707199
02230990
14836960
07419599
01321230
02074093
00550771
05577741
02243744
09786585
07111047
01635432
09232841
02343487
00361932
12844220
12546420
01740969
11445564
02731398
00771490
01188537
01047338
01984119
07066659
13395515
11923397
02641379
10524973
10700517
15264363
10365399
07351195
08549070
12090890
02534734
07470671
08125420
13904011
08897065
14449405
01112573
01401686
00653620
01591158
02769290
13777509
04187233
12546962
07228971
05392562
02423465
01540233
01812068
07840804
15255804
00498530
02645389
02516594
01680478
08967484
10221956
09093472
01384102
02765247
02933462
02535349
04179385
03473227
06776986
09296695
05718254
08925700
00509377
01383638
04170515
02600082
01473346
01498822
13208468
12776946
01574923
01447331
07813579
00358290
07535670
02303761
13344804
00285387
07151892
00159620
02645839
02935387
06236802
01113264
11963755
00774056
04564698
00164072
00356648
01658188
14047740
13987719
01711749
11539675
10784544
13529616
07905618
12949722
01188725
13197085
08702805
14147627
00547493
00421917
02357911
02243562
00337078
00075790
03241335
14476852
09380117
08752974
00737005
09184136
11552133
13210205
01397385
00133851
07195630
14049552
02642610
01537959
10263411
13095685
04517408
01122194
01028640
09097871
00941777
04727214
00417001
05045381
01574801
02264021
10763245
01623792
02628832
02014863
14486767
05471629
01525720
05468849
02422685
00696700
02008316
11990804
01239868
11856389
01131515
08033194
00592883
13912992
12118223
02721160
11494935
01518347
13774010
01373138
06672953
09692624
13219258
12682054
11708181
12167749
13322343
01813053
05917174
00935005
11534434
01296462
14597158
14380140
00134328
11302772
01459480
00727409
01405044
01435128
12647376
02763283
11304811
03899328
04661926
09718217
08347704
03344784
02159741
04494906
00061219
01707306
05981768
01734273
09494388
01854132
12528549
02233577
06310237
00265673
12356395
15156746
10258152
02362569
07582441
00907919
01691057
00427853
00834259
05604434
10522759
02357561
05500992
12677841
02973558
08710678
14060929
00750405
07222050
08494782
07351031
07907548
02172888
01724470
01698271
09838701
02617402
03439348
05736593
12860365
06026276
02252931
10286855
02891430
09888832
03875218
05141222
02182045
09139508
00895135
11836556
00884317
02659667
09682803
02075462
02670049
07319909
01489465
13464204
00093006
14699752
07368256
02309165
03550153
10283663
09023118
00756331
10623650
10966145
00838098
08968677
00851994
02294761
11882237
14440875
10783734
07697825
13194328
08333030
14969666
01718535
06494816
07528470
11909527
02743343
02681795
00237078
11754893
13271320
07828378
01211339
11807367
10160624
06499244
06324475
13456899
14333433
13528100
11733424
08780720
12327022
00348252
07049713
00996513
11301597
02747177
14086143
01050896
00195813
10842730
04375926
01022420
01486241
12194147
10146559
14752702
03032252
12804352
15043118
02497141
05606633
11788382
07486229
14173625
00828082
00555325
00107943
09636796
00367552
13421095
00787832
04606358
03384891
14534696
11449907
02835915
00157389
08762243
14604038
07863374
02617933
10363573
08803382
10108719
02386675
08510666
08020785
12593341
01995549
01340439
09810707
10722575
00284813
13615036
00758627
10753061
13370014
02019431
00094312
12588780
02611827
01695976
00599992
08919693
10655594
01190012
02944826
10023656
02301782
00103619
11737752
04568557
00666733
01973375
07788435
00946755
12694336
09976728
05911255
02392878
09044862
01012561
03126385
04869569
10746931
05398609
01013156
08562243
02639606
01238204
01175467
10661216
10109662
08814474
08047032
00285856
09018030
09788073
09186709
06820425
00254415
08977665
05394277
03234306
00209546
02051694
12072210
00425905
04451473
07434209
02071173
14239918
05249636
02042472
05285623
14246359
14991712
00261405
01112420
10618342
00059019
09677830
00352558
11288216
04677514
00092690
01254685
13651931
00205598
12106786
09131654
07258664
01829869
11408243
15217443
00954751
01204191
02883344
01239359
05475397
10044470
04713428
08914573
11455695
02272549
03053474
06825736
05335310
05839024
00818974
12840749
12099556
02256109
00918312
12783601
06079620
14554853
01284271
02016198
12910285
00278551
00868097
00269423
09123809
07029088
06379721
05610008
07428450
13533886
04471315
00751567
03560567
14751417
07600696
03906997
00366691
04073208
00418110
00085626
05021151
06730241
11938977
02435853
02725714
02675987
01376237
04145735
00693780
00794614
01498989
08626947
07709701
02368116
00701877
06773150
06696991
09422964
01155421
14527171
11682842
00131426
13039553
05230171
02219940
10342770
09861287
01885845
00708980
08522872
10079399
13354420
11661372
03526805
13501941
08032594
09365443
03769967
00023100
02061366
01775370
00345000
13665965
02661317
02576503
14514392
01084866
06615927
10565302
12799119
00294175
03273913
12854048
02548689
03963483
02672187
03794136
02669789
02569790
14002279
01885158
00677021
09177385
02148109
00388635
00164579
00118733
10543795
02723951
15213406
02374149
05983654
00760956
07530478
07116443
07852919
12187450
11917835
00807500
01989869
03813834
01116585
02877910
12938667
05022457
08015321
00086077
00994682
10433452
02021149
11939380
02534307
10396106
02370360
00685683
01220885
01207951
07557165
02271740
00989602
03884639
11879895
02003725
07778938
11988893
01201422
01054694
07217349
00755863
02486932
00170844
02372605
02648174
01477745
01947874
00875246
03976657
08839916
01292169
05672391
02150482
00620379
03010473
00848169
12227220
00783523
03912328
01669654
06293229
12172481
09130714
04526241
03022406
06664051
12173407
09861059
05000342
08960987
02470175
01663580
00900957
04767805
07552729
01387065
04180314
12339831
01244410
12073410
07520112
00204199
00625993
01935233
14756039
00573247
02953673
11538935
06071426
10094584
01205156
09626238
07332148
08140219
01163047
09052314
11068196
03018971
02044866
02701445
00753093
00104299
00328885
02477334
02669885
01858910
12314315
03880770
00739850
08311933
01772498
11189829
06313457
07358060
02497832
01634392
01304121
01717016
06818121
09109882
03416329
00064151
01356888
09305898
09338712
01176232
05715150
05386845
01783384
11742878
12991184
11762237
01780696
01699172
07377682
00823436
05272545
08982037
00642644
01686956
06401328
08920924
04805136
11984397
02629793
09700823
02565728
08041106
08958212
15291498
08726582
04010566
04399537
00362128
08094659
02585860
12901565
11367581
10173410
10125561
00382739
08980300
03009111
12349091
01959333
00529101
06602148
03191029
01573775
14994328
13039349
01992375
04244379
12226322
11902709
14068685
12126516
01819911
03084204
00400449
05459953
09662038
03265032
02615157
01378137
03522239
01937222
01886220
00659349
01947735
12563567
00734790
05707146
01493541
00863433
02278830
11759224
00976085
04728376
03067506
07735803
01052215
04007664
01048569
12710917
06961853
12203896
02716866
01242716
12606907
02568636
07421316
14775995
04364160
00858437
05780885
01026975
00150591
04795545
08947617
12739072
01947352
04773899
05026843
01872772
00842989
00749991
00074453
08014615
08572162
00380696
11432758
11941719
13423922
00740342
01644373
13189222
13534274
02099029
00744758
02868326
03924407
07096661
14670639
12822955
03732114
00946650
12673178
04242704
07036862
13458571
05800998
02242464
12084746
10237676
00966718
06719404
08786283
08057206
02278061
12060546
11898639
01476418
00444519
08571459
01684663
08728595
14526635
02675354
01064401
03913129
11917633
10696251
02754463
13775939
02837416
08717629
11253097
03907908
02714139
02242942
12467592
00849080
00883297
08646188
04402746
02219486
00555447
08977527
11885148
11648039
12117695
01671039
12089625
02326355
06920497
00359614
13990064
00365188
01908958
00117267
00549982
05673209
03441112
04592099
13289159
08191230
10176475
01644542
00742320
00916909
07041902
14019039
01614925
12709349
01612295
02388403
12996225
02343772
05382729
00391407
00572838
12718314
01986538
02760429
08359949
01969103
11810918
14604959
11850521
01166258
00083975
07030718
01720660
01915414
12327407
09713985
01531998
02560164
12191587
04339638
00015946
01782432
12833341
00056188
09697771
02809220
08986905
12723610
02565491
01835103
13951984
09722898
00803617
14515463
04892544
08523483
03011162
07389330
10750365
12599185
02628467
01998183
00931608
07856270
01956924
10113072
01811394
01914830
12174742
00179567
06552984
02185007
07753980
12151814
00516932
05491993
12526380
05451384
03022041
02884456
00366275
05027529
00595146
09663248
12958921
12410715
00787049
03273061
05491308
08700255
00776988
03286572
06611998
04910135
01737472
02596493
12752039
08190482
08895771
10422405
02068745
00243124
04973386
11983910
08784905
00978369
02424085
00633265
01538498
11733904
04803430
10372373
00334174
02323186
01436518
01851375
13200986
09921792
09872782
06154464
08946187
02534936
11826416
03424862
13176523
11098380
00691050
00836149
08070850
02458356
12265394
00282613
11433013
00215800
00694068
01419729
00964911
12678548
09272085
08894319
03536761
06615216
05865652
03497657
11877646
05940869
05225090
03023415
07730708
12381321
11511765
14168792
02945971
03873064
06754972
00015806
07638439
05857459
07860208
12542649
01415162
04444749
06251781
06455990
14431637
00070965
14601294
01023071
00040962
02814533
01904845
11350705
08585657
15144178
01154554
03623338
09453566
01614581
00976508
03197446
00208055
00034115
01713310
09969718
09410558
00062451
15226214
12045695
14454450
00519056
12512460
01260159
02437465
01933686
03735637
15286249
07348545
09305031
10687231
01978003
00610738
08705251
00516747
01194777
06089447
00364600
00148763
08762495
09432549
04274396
06754415
01814091
09140569
00741685
14609198
01067664
00654113
10439851
05530092
01839086
07028797
01295528
00528836
09326467
09754217
00282652
05913538
14654954
02535716
14543552
12161285
00735571
01852861
11169418
13122364
08230477
11521940
03320519
05985999
05330244
01221611
02854926
10069120
11639445
00808343
05577190
06308049
02352591
00532607
01660640
09400667
02602215
09050730
02870453
12785499
00957679
08799706
02667228
08578517
03867070
02994012
06364641
03237416
07290278
07555647
00324806
00174379
11202063
10937126
14877234
02716767
00773285
08048300
02168121
04171629
02552171
02509405
15037664
14973133
06541381
15292336
14630204
01610758
08955397
12351600
08542403
00588888
10328560
01807828
01574045
02058747
13479034
10624540
01471070
04007894
02232606
01194904
02492035
02034671
03933183
00765488
13164583
06367107
14835333
03974215
01012073
08374049
02517768
05522784
00328802
00566895
02302124
09234104
02334595
02410702
03772077
01275516
00162688
12154426
01398443
03048598
00906037
03935450
04992431
01717628
03404449
08345366
02595569
04764741
01000214
05950733
08157809
13151975
13013187
01218327
04797295
07180787
05844282
14936010
13565781
00563100
10660729
06371267
01250474
03654374
00344699
00901476
09947232
04314522
00229260
04504486
04717139
00958896
09956387
00449517
14786479
00261314
00075618
00168910
01860107
07491591
09464221
07003352
00277569
01543426
03208229
07433662
03399047
00290302
02236624
03027335
07816296
11609684
11634526
03624966
08895928
05618849
08769439
01872745
05194151
08734044
01504699
12939104
01920939
02472693
00646738
05065386
04566561
04476116
00942988
07985628
08924023
01321671
12696322
00045064
09824361
03136051
00327824
05085572
00047945
07320734
01443871
02256172
07370968
01121508
00343771
08757264
00355691
11190183
03042829
02654890
08696931
00338071
10477077
01870889
04010205
02079389
03829085
14917208
05494933
01982044
06692572
05385161
12934776
07873057
09162803
10174695
12560775
02643316
00874175
02169702
00264386
12298165
00071864
14456435
02627686
00711715
01379954
01604625
01219282
03997980
02623170
01542252
02749169
12832976
00493259
00612454
00149583
05505131
08018983
09014066
12963307
07709333
00889294
05832745
11160200
10497373
02735688
07187773
11898474
06877578
09714694
13462795
00512877
02858304
10387586
06178042
00217427
02190188
07297927
06930633
12743352
05790242
02314275
05598147
01100567
09124589
03331820
05271814
01768969
02656670
09974054
02506181
02707683
04090263
07286368
06320801
00228655
10152440
04680893
02161922
09963914
08761868
07910656
14490110
01595830
00792471
12805146
13069348
04441528
01964049
13553916
08182716
01583656
03857828
13546169
10406072
05545047
02648313
04146614
11660121
10419630
07761461
11743294
07751004
00119210
12168565
13254985
00373278
00854717
02991048
01407465
03002555
11838916
04850589
00133417
03884778
01040707
01068134
12559842
02620826
05684440
12848870
10652954
06943558
01388130
02058933
12879350
00983635
09378014
15244650
13079203
01276970
02384940
03222959
10246913
06600684
00781652
03029603
05948857
11832214
00744237
07904934
07146300
08904731
03804048
00764032
00019448
10345804
05449959
06051542
00960851
11657763
11887119
04568713
02046075
03130340
11805544
09229709
01494339
09781504
02692335
08057068
12112918
04269086
09943239
02282903
04620558
14288235
06742932
00064789
12476510
01139194
02709367
13862780
01193099
06666829
04797824
08193212
01701858
09210236
08388207
12670013
12377328
10609556
02659176
02135486
11849017
01446589
06730780
02268443
07343363
06545137
08418631
14646942
06972090
06243575
02058994
03827107
07437372
02011865
02949931
05554653
02617207
01230241
03440024
01041298
00681613
10236842
12651465
03172211
05653575
07367385
05770664
03040974
10539160
04978561
01746818
00445169
04124202
00021939
08455271
04650527
00003316
04048568
04298308
13981137
12162758
01299268
01313923
07184965
02114433
02067100
02053425
15161284
08340153
13244109
06078327
14403772
11213552
02797881
13170060
10127273
03532187
08841667
06738281
03666362
06208021
13600404
12584715
13268842
10683349
09202405
06610143
06707846
05354744
00245059
02659358
01993214
03905540
01614195
02534062
11224877
05190106
09749614
11740208
01344293
09956578
03017428
00599472
02734217
08025835
01856553
02258600
03241093
01524359
06715786
02198332
09236423
13365286
09944160
12711182
01048718
02189214
03434943
00414174
02439568
07232988
01017222
01628770
00877625
13003522
08111027
11628793
13179648
11921200
09250678
02515914
02556817
02571983
00104868
05932477
10405694
03243218
00664849
00974367
12325787
02240223
01705257
03220513
01105385
07970721
13881512
01326015
02914813
11608250
02279972
12019375
04729984
00854000
01928360
02398521
05341920
05613625
02714360
11893808
02652132
00030142
09889346
05050668
00861611
00485711
02873244
07189130
00348801
01593011
00286008
02430580
02128286
00947596
08776320
07773238
01532325
03117939
14840092
14627820
00223720
12372708
12051285
00028270
10160412
15218663
12648424
10227266
09170475
02666691
00334509
11794267
01123598
08519444
01638482
11835568
08998560
02997607
12873834
02638960
12174926
12059090
01058426
04713692
04457326
14675569
00801125
01558594
05190804
07970079
10603959
03201776
00663353
05524615
00233980
00042757
09693244
01475421
11761007
02637337
05338166
12378249
10698368
02174311
07636534
12769663
02635580
05837370
08946909
12414602
14175165
10743124
02752107
01519719
11708442
09021812
13809207
07505047
02568392
12919403
14472111
00712031
06003682
02979662
01419473
03137228
09441352
12561594
00874977
13950812
02330582
09101318
12224140
00715074
02530003
01923637
08196892
00811171
10193026
01783881
00547300
08060694
02017149
14612764
00088532
07301336
09936620
10146927
02511551
01836087
00342028
08738820
01914609
07111711
10463943
01754370
05273822
03886053
10409011
04634540
01478073
09118313
01601268
07322341
14852913
05793907
00179060
08418103
08834916
05835162
02826443
02662979
08035233
14226056
02609617
10264219
03945167
02108665
14288871
04551375
04579986
00819508
06248968
07718472
15244351
08251493
07784522
12192722
06405198
13864153
02307547
00064504
08956760
01537360
01261773
00995286
00509607
10366145
02239073
09326662
03066658
00267041
08501565
01754421
05815517
00712833
09980458
02050004
01330822
00341548
00312553
13982357
11255460
00313171
12690388
15091304
15055936
01559590
02571034
01421807
04745932
10479135
01821423
00825975
06749881
04362025
12048231
05904313
11740655
06442239
00988028
02009750
10506220
02453321
08168367
02031752
02278704
10616578
13124654
07711232
01915253
04777852
02523750
03146219
03478589
00438752
03302938
01282711
00087454
02627753
10717589
13472125
12914731
06877849
02390454
10490421
13470491
11505546
01791107
12087650
01266152
01917845
10168584
00034288
12954978
00897564
02798290
02680337
10533983
10902934
00989201
03757925
10616670
05970755
01090308
06716234
13068434
00376625
02573563
02836607
12484784
01190364
01645466
07240278
04321238
02638835
07123288
13965049
02640857
00643910
10991415
04891333
10354265
10665302
02792049
05416678
05815890
02062209
08187988
04273064
01651370
00395841
12457250
14345304
00032778
04909018
00814458
01044448
08840749
00197744
12727960
14919272
00782518
04704346
06408651
04762355
12564613
11880218
07989741
02596592
12227658
08727003
01306736
03808144
03686658
05859991
01002413
01508368
07555184
10097842
02001461
10042690
09331328
13945919
01064999
06777794
02580055
12998349
01581730
03153375
02150039
04217546
04921011
07754894
02435634
03854998
00018813
02549048
05400601
00716758
10248876
01066542
05029706
06072476
08189659
13927383
10901420
10524223
00865471
02445356
01657828
02198714
12301917
08728882
03677308
13505467
03998525
03375443
10062042
12717072
06362260
07985223
00969769
14761578
09019355
01793742
06956896
09930257
03899100
10011074
01723579
00608037
02507863
15225929
02708711
05456456
02750835
05728493
05615373
00365709
02180152
09352108
11791819
10404550
11516819
07379094
02042067
00047745
09052835
11335878
13195761
12839979
02670578
03033019
07129602
01746727
03013580
02044178
03029133
11740824
01953197
07942152
01198101
14186340
11748330
08614746
09896401
01832167
00211852
12121033
00712225
14629998
09166756
07528807
12159555
12846546
12864545
00977301
00981083
00236104
10468559
15147850
12830974
04822223
14677778
10308732
14295691
10275395
05999266
13211516
08722844
00680841
10665698
07408171
00281462
00103834
05979909
01067192
00932324
02510769
03924811
03131038
06290637
04316275
15127982
06550552
01961691
02559199
03945615
02112891
07052291
00869126
07461411
02264752
01218084
04286128
00017222
14486122
05248181
04400499
12915400
05440207
00471576
09871095
14838217
05938976
00800242
01706889
12545090
02465658
05897825
02572904
06483454
06584702
07075172
01041968
00558008
07531536
04522421
07039478
01171644
12346179
00497391
00681429
02442737
00273690
11041814
06615561
13102409
00733044
07042137
02611425
01160342
01003741
01794363
00894738
09281777
13631687
09641422
13651072
03174991
07339653
07420770
01967792
01818235
02303448
02225739
07199191
01123415
12449934
01935743
04605726
02590702
04247011
03654086
12367306
10692482
09086635
00273082
10314703
09793495
09979589
03062651
11182966
02390949
08629508
03276179
03433247
02486261
03560430
02294179
12552309
05784831
06988307
02185664
00351824
09434845
13247818
00507485
08965251
15268094
00679389
10770309
11366405
00799125
05748054
02322230
03074855
06708866
08817235
06172789
01371483
04973669
10673451
04618781
06726158
02385372
09288946
05459769
01302683
00348746
00133981
11621029
00893741
08950230
02506555
00045250
03187268
00528397
14668539
02649706
02677332
07251779
00081725
09753204
00455348
01442578
00630071
00326773
02861617
09359803
02519183
09993252
04825114
13163250
10076033
12712149
05829782
01079873
04887497
07765208
10253995
01339505
01053920
12122581
01568892
12628986
06381869
02279637
04403279
10013114
13444940
00604228
00592001
02618149
12879719
14391660
06991764
02280845
01886045
12322099
05300675
01974916
01645601
04965179
01167780
09842047
11928549
06417598
12099220
05651068
12934479
08815046
12968882
01421496
00338641
02627532
11959489
00120010
13195547
11822557
10551751
02551824
12624249
04368496
00613973
13915999
03490324
07106246
02163183
01573898
03191561
10165109
02185167
02994219
01663939
05558078
12720893
10597091
01109863
10513120
07728804
05342214
02618468
04948722
02500902
01606205
08772922
09396712
05658603
10096217
12241192
10767265
11348812
04437953
02846399
04115456
06004067
06947658
00369802
00654258
05908882
02193009
02495242
11503060
12592058
14997888
01657977
10639925
00707956
04235291
00838816
00248977
02036399
04292733
04262161
02332311
02293856
01301630
10680910
05483677
11695085
02572119
00461354
01873942
10004804
08228538
08778401
13490909
02329883
02240852
05433496
13025647
07372959
02290461
00951399
03743902
02698769
11301414
11087767
12393723
01057200
12193205
02955540
05322103
01357429
08280124
00853649
05324888
00201722
04333129
11872473
02542162
11881063
06361770
07020895
10329789
07594737
15153787
02254258
08568256
00119568
01651444
01194021
11875938
02241621
08567877
02384686
15199033
03954731
05938014
14399116
02537092
06285090
00914343
01811682
01113867
02416104
12316444
01642924
12064183
13220842
05186306
11237275
01481360
05081957
03432972
00885217
00324384
02049532
07902520
07884567
11219635
13802306
01916214
04128499
07731767
00912473
11788926
01994442
02566834
13393427
00661824
01886334
12399132
03142431
05532795
01445597
08341551
09280380
06995222
07391240
01410223
04761815
08508834
09601571
03237639
05405946
04637923
02643112
02670186
03284743
10486561
00917300
05399486
00980394
02265717
07464402
09604981
05395286
02244173
02961688
07419960
02655135
01158690
01744657
00130778
08569165
12224309
06714420
05657166
14622893
09879616
02762806
11295936
01942959
01602353
05617606
10522633
01156438
00052146
11604904
10638385
12039524
00194969
09724066
07620485
02597173
03533972
11849271
00087290
08735705
02728440
01971603
02266580
12578626
02652668
02428487
02633534
08912279
01496630
01738347
07012534
08278169
01997862
04796490
01309807
12746733
13527965
07380934
00055633
11880791
12216028
13350443
12783996
05843687
00860620
02217011
09492123
11630890
04682462
11836722
04112752
09900153
02567422
00532110
09632274
10711483
02586458
05015117
02891188
03921209
00901651
10201535
15107876
00647094
00381331
06077648
05937112
07422800
10040617
00752954
05594822
05115568
00761713
03663531
03702719
10055730
00349369
09206375
09324474
13599547
01293650
05347146
06959584
10633298
14070360
01072072
00632236
10395390
10426749
02671279
03077074
09026499
02752931
09169801
09200874
02831736
06721949
07809096
01440378
02342132
01636221
04880830
02290956
07468861
11205647
05155821
02439281
04041544
02697950
05814650
02147452
09377657
00898019
09096498
07551691
01519046
04172342
12898342
03063689
01412279
06884670
00754731
08620061
07423899
01976957
05966129
01323338
00692506
10076307
01159461
05550330
02181724
12591351
11014212
00331713
10309896
09266453
01085937
00156812
13630036
03077741
01989562
01609236
03664675
00275151
03471473
09689152
02035402
01534034
06536389
02187320
07986617
09066948
02509287
02212323
11872658
01422835
06272290
06518068
12916511
01590220
11537886
01264283
02307007
01083645
04975340
00774796
13252062
01088381
04676308
02148512
00811355
11701698
01046932
02856109
02665803
05922949
02355227
10710632
00046449
00433458
03370927
08812166
04046590
13485408
06799260
13560417
00314782
00329227
00956131
00171586
07779747
06710546
04201297
13491876
08663860
01610463
11951052
03671272
00457228
01545889
05232972
14717275
11979715
00159236
08096624
00469382
00262596
00457100
00091968
12852570
08972521
08118039
02654425
00562523
05773923
11313011
00311809
02440020
08594714
07365849
07452699
00923793
12175949
01793818
12618524
02301935
04671841
00046534
13717155
15160579
15146545
11971600
00936330
01372682
08184217
12475774
14966667
04651784
01392918
12811294
06642138
07649854
14005137
01725712
10845248
11658544
09647834
13948441
13245626
02824448
12170415
01843497
13684140
04870340
11573173
05340795
01439745
13725457
05103283
04182890
05126362
00978549
00325328
01624568
04166281
06762380
07508232
02503365
06779914
10370381
11735570
15197302
12637729
10179649
10270468
13933841
07330666
14304060
04227144
11486708
05526713
09676884
04089152
12956170
05318831
08189371
12008749
00082714
05264247
02223694
00278810
02919414
00379440
10196965
05749402
08995242
01248597
08294696
04184095
03473817
10113753
02354621
08720280
08479894
08076578
01906322
14327707
14479615
05934278
03738472
08961630
03846100
01991233
13253255
05648459
01669191
12262553
01582200
08902894
01298668
00275088
09720256
14515041
11864602
14415518
09953178
13491060
09750891
10878161
00971015
05505679
11265416
01990281
02051701
11741175
00571596
14189204
14517412
05718556
02299715
04018951
11205246
06385434
02181402
00815379
01449796
07109847
00356199
02541875
09161452
00237877
02035559
03999992
04596852
01512465
00930736
15218551
14157527
10378026
03496612
07233214
02196378
01142203
01652139
05587288
00593219
00102791
01753354
02063846
01480336
00867983
11381824
10438042
02934641
12148610
02331960
05051249
08364143
04757522
00389308
11010385
02176747
00234536
09070487
14661740
00902932
07058871
00314272
03799375
03015254
00335366
01579578
02584643
13659760
00813044
08745011
13207094
12254478
11675842
10432957
00692130
14836642
05617467
03587442
03354207
06355705
08691669
01188144
04666416
14422035
01425817
00501479
04330340
02722782
01308681
05310351
00234217
00555138
02747667
08491826
02654686
02287004
05773548
03199775
13731530
01217859
09384223
07404114
08175498
01981279
06652242
12767648
04016240
08626283
08969291
10047199
00736375
03842377
02358034
07256695
06998748
06441607
13729428
12262327
03290771
09758643
02612234
07687211
14520278
14123044
12327718
02429276
01178415
08843215
01874784
02246456
08183398
10495756
01640567
01958038
02341816
02739668
08968879
01033714
04828925
02489916
00754280
00855295
07986381
10435367
04499180
03811295
00246746
05216365
00655378
05180881
07009946
13377268
00271520
08902753
12521847
01995803
06212422
09437098
01681328
14374432
00329654
09100080
00990392
00362467
12380926
09237076
01592072
05783357
08764899
00209174
09025728
02588464
02652158
04230808
02000954
12822284
00059728
02149420
01415393
04959230
04333500
04236377
01375637
05035264
11229095
10743356
08574038
07860988
05922651
07467846
00239910
02240881
00730247
02040054
02117135
03924069
14637507
02536165
06603494
00524682
13218900
02480346
02480495
12202712
01824339
01906552
10296444
14126660
07895435
01917244
00980453
14459422
00826789
10351625
06648724
13634205
01671874
09777353
01299037
14429608
02859184
12335800
09692430
05615500
03251766
03909835
00396703
00864535
00804695
01767949
00503982
08103299
10361390
01753721
03017070
02054376
06150449
06570110
01898592
12598027
01997680
09863936
00652466
14938907
07760859
02591893
05287090
02456962
00836705
09811414
12699922
08558963
03194812
01683957
02493673
14437552
07213717
02108791
09456860
11960540
00435492
10627899
11911274
00019128
09373716
12615427
12762583
09468237
05017458
01575745
03024420
13548931
03366823
01920932
02446164
06983521
12495509
02425462
02804252
00918976
07954731
10615179
01796346
05436080
01033458
11073795
02723016
02256882
03859958
03239726
01049462
04085365
00148472
11486178
12980652
12178494
09784306
00784388
04446521
06626446
11268667
02289610
07294019
14539268
05807540
11168974
08923755
07766409
01802895
01591910
00110057
11797508
14724025
12823531
03554460
02546467
01036083
13453160
06556692
13049953
05074774
07738760
01046441
02537085
08085824
00305846
08560027
07932841
05621178
01811172
13201725
08620881
07812497
12920204
08038748
05372290
02640242
06913313
07597145
07883980
02760139
08908954
00695475
11811308
00198850
09110939
14894481
05768553
04149208
07973088
14562960
00292368
02962545
01483247
10256537
01909397
02216740
02503127
04224155
00289392
01444520
00159880
11784497
08541288
06619428
01158872
02682424
02269340
08143926
04459362
02004492
00928077
01883762
13872975
06437137
02341805
00211593
14071235
00273445
00601783
00113726
08991752
07844604
07959016
02639605
00605430
06806469
13828905
10560637
03588046
06650070
00210518
03978421
05304603
01245618
13945102
02632359
01815471
03079230
12821736
09016860
14542579
12541157
01188783
11813830
12450840
00943187
00688768
06714697
02887209
02687385
02331262
01724083
00275253
12798284
09097707
14045507
02506248
01560369
12212361
12387201
07520612
00204439
06248863
05332569
07772935
13091774
03640660
06157326
02277303
02135981
04136997
02137806
01831531
09548632
06787150
02705201
03360845
09621359
00739270
11022465
11302062
02381571
00351334
01286777
09791816
11477384
08699426
01230555
10645611
07758407
09814567
10198602
09078231
06610332
06587790
06825273
00062806
05118437
01070187
00252430
02077148
06284225
05961429
00009373
03573282
08939201
01286799
08815858
06709349
01949333
11076566
02699343
03100026
00249556
10552980
06862202
15298283
13007195
12015384
14178077
09433442
00734927
13189428
02067462
14836127
05467054
12320010
06503884
02576575
02247584
10229498
00904623
13042814
08382570
07417043
04692157
02977619
03932203
01042725
08194266
01813499
00253270
00284930
12931109
00445467
01814396
10164605
02261642
08917503
03080309
02817799
02095311
01106377
01524298
01676755
06693198
08284481
05864577
02663352
00604523
00201034
08335886
05613962
05704694
02391782
06693870
08095160
04211528
03457793
00235435
00634586
00908099
02424652
12386039
02065026
13429888
05088056
00392588
00066901
12941360
01752728
01029500
14900184
01031109
07412092
02029571
13034953
12108249
11929477
03091374
15067025
00791527
11482312
09700492
00824054
02686568
11479058
10507230
02453692
04418357
01902877
01195380
14444326
00272910
08537837
00996485
11354145
01107439
02321903
00696414
04914133
02761557
14103288
10483530
04868748
11999455
01076615
02239934
06961557
01186810
00471437
08464601
12634734
02895154
01399772
01265989
01051118
13628592
09792969
01982482
01263659
05225602
02394445
01728738
05916155
00764891
12212810
02345213
09728403
13385913
14658109
10621400
09169303
00448440
03757138
02282082
14110674
06375008
06500262
04910377
11414874
11540000
08648322
00091311
00731000
02398161
10457444
12583529
04926427
01948573
02741681
01713635
12013035
05233420
13500557
00054285
02122164
03284482
14399852
15109745
12179391
01661592
09332976
08381820
01813668
12464278
00851239
09197815
02987047
05284851
02567519
03918297
01497278
05167237
14165544
12329473
03706653
09108728
01704452
01577265
01186578
00840363
09504915
00619869
02875013
12437311
02445509
09049909
07578879
05554405
06078724
00946499
09428967
02595339
09257563
07808904
12878784
01577941
02274299
14971519
04827175
01966204
01688589
10035952
14538472
06148148
14880107
13328357
12158443
00796886
10047459
07621776
01389188
08953324
13809769
02316649
13502909
13505843
04744814
02629716
03767459
12108742
02143539
01715692
01346804
08970445
02072159
08765460
02123424
00096343
01382839
00233795
02195996
03599628
05237755
00126584
00333203
00002325
12443144
04874672
02918271
10726031
00381326
08790353
08804962
12378753
09385586
03419014
01801297
01372408
01624537
01822773
01008947
02589955
12486732
00433661
13802098
12148962
12170585
06785223
05878229
02181538
15186871
01496199
00312784
01453188
00578993
07914128
14341091
15128997
01202415
05878440
02356108
09379938
00470966
01827403
01975587
09158024
12597333
00638585
05248553
13971561
02028175
05075602
11566682
01035530
09902353
01986869
00339464
02001858
12932706
14660443
10270878
05570129
00620554
01983771
09241247
10072054
01997698
03327234
02484049
01417361
01504625
12471825
09507097
01557962
12684640
00909219
05495981
13012613
11390364
01191645
00994076
06888345
00388296
10736926
02575766
12380597
00270215
14391876
01403785
02493260
01354673
10207514
04593629
01522878
03062280
00739082
14172005
10579676
05956651
04285008
08860001
10643937
00311663
02741357
02229544
09261604
01511380
10759151
05939636
00566322
11817000
01794668
02087156
01960656
11678768
11781176
01214171
03581125
10087434
10173895
03863442
01990007
02619924
00249969
05599203
05532944
01463965
05638987
08080947
05009170
10676682
09228144
11231157
10228278
14545845
06632511
01995686
15058310
11984854
11883799
13722060
09181557
02433767
06207199
00093127
03058949
00396880
09847010
06990836
13226698
08063446
02521646
07631212
09072810
07553741
03684823
00798245
05199869
02911332
08793310
02736511
12488121
00223250
12960863
03744276
10160012
05616246
00427786
04860586
02612368
03351151
04590746
15280497
09793141
06462219
01058291
00949134
03778135
06105314
13831000
10389398
01018928
01438681
01350855
01539772
12959967
00042541
06428976
04632963
08340989
00065639
00077419
12222715
11490463
02742232
10631941
10509810
14750782
01827858
14999913
07721678
14230800
08059412
14010636
12475593
02326432
10252921
15024997
01800424
06529879
03098491
01455866
01567133
08873412
10113362
04060904
05831939
01140515
14718822
01619152
10720453
01733094
02449340
09667715
14950937
13783581
02169119
03275681
01478002
00634090
10296832
00469651
06680002
01770501
01414288
10009276
01836809
01610226
01412415
06075527
04476259
13636648
02056091
09937250
01282142
01170813
04508062
00974224
02033561
05581349
01576165
13231078
07130341
02654947
11509066
03813176
02970685
04665813
02166346
08147188
00506040
02452885
08948704
07460546
02251775
10583250
00395583
02530421
00884540
01644522
09938272
06492939
01722998
05997361
02030424
06627938
04959672
01465994
01389942
05051896
03728437
03605722
11172609
05557339
02026059
04122825
07756641
01245159
02508078
12606797
06959427
08557131
02587761
07509572
00785470
10644839
03828155
12249542
07889814
05024254
09813696
15271732
03773268
13440063
09158501
07601999
01664244
00746084
08156685
14613922
00919424
01179865
00900726
09082540
03188979
02167571
06402565
08512736
05594367
14464005
02509815
00820611
10221040
01954852
10935304
08245425
00328128
10147619
12418356
10528816
12903794
01025246
02249018
00014549
08166552
01567275
01645776
03814906
02777734
00778745
14407536
02616713
01302449
11659627
03433877
02193496
06764867
00890855
07911677
06702458
02203592
08190292
03622526
13944914
07172979
01972411
01976841
02960130
03989898
00196485
12902297
09461315
00458276
05638606
00939035
00232863
13455487
13597280
08375526
00559102
10526927
00135718
02690270
13941337
01943153
06231191
08493961
02761897
02667906
13550089
04236182
11084110
13773725
12559044
02318915
00024649
07397761
04908396
10727256
05510702
02852173
09843443
04429376
05243704
03693089
13433462
02291748
10641223
11641963
11605396
01483779
12457771
02451912
05167618
07402519
15295416
15139552
00553616
00271879
04181718
11787391
00139919
05316175
13178500
02463205
00166172
10038620
00631244
13853546
00542809
10142391
04603729
12778045
11838266
11712621
06797169
11522448
01867504
06177729
12545232
02216083
08315194
01058995
00557419
13473097
06696025
02850826
01663443
06684798
01398032
02422249
13504403
02556195
15165289
03014705
09053947
00851933
02472223
02981024
05502090
06426468
02021653
15154774
08674344
08541609
01572328
06567865
08756884
02752695
00734482
07247602
01697027
01874875
06837572
11166877
01888520
02815237
02761229
06518253
05527216
13484082
01055404
05941210
04814872
02400760
09858299
06981498
08090547
00403911
13761171
01047745
04996823
13223090
10814328
12701178
00199130
11421401
00155547
01122149
12608447
13631512
14471724
00930806
12167282
08017974
07334490
01639369
12489524
12431434
02363358
07255401
01588297
01773797
08396990
13077033
04092168
05613274
15204983
02395603
12946578
01808989
02386496
07735179
08610305
05301072
02740533
00340846
03771066
09769076
03673027
03597469
01091905
01155354
10869385
04877530
08504375
07041688
10252674
01140658
03566555
00385047
15156187
00289297
02714731
00121645
03073977
08380340
10252354
01849747
00803815
07828041
09094381
01682588
06552639
10313580
14043243
13811184
00643473
07653982
01492212
00023383
05967773
02650541
04364827
05501485
01908415
15074203
07269552
01105737
06096913
00793580
12742741
01862918
02127808
09244972
08391206
08597176
06903255
07549716
07069948
01125429
12806455
01952162
02361600
00149508
00367976
07710007
02094788
00769695
02505342
03294604
03473465
13963757
08210670
08064523
09954479
04783247
02363996
09192973
03634034
08685677
15178694
13331634
06347225
05203649
02645007
00295697
15227846
10823199
10203298
02982232
12121610
14059663
01632897
00650743
08996483
07042735
01943718
01973759
10575787
02631238
02650840
12029039
00759551
13136316
04842313
04191150
09458791
03041632
13259917
03230785
11776511
00492095
06856568
00935247
02643574
07829412
14052403
00929839
07553301
02593354
05913994
10441251
11819354
07703333
10013614
00743692
12030479
08799123
05714894
04994413
07653394
01517355
02000868
12765115
06440937
02291391
01740892
05302307
01052739
01504298
11989869
08167779
06005692
13215462
00364787
00282485
00100044
02073250
04178897
03601335
02263982
03119790
09349425
01216004
05417975
09551356
01865383
07650903
01856626
12449526
02416278
04077430
14405225
02771320
11833577
10586265
10692883
10812550
00685508
02402825
04773351
10656832
08649345
02850732
00564695
14964590
03754014
09472597
08989697
02428653
09963773
02481231
01023259
05323228
12354849
11612923
08085648
01620854
01301051
01115916
12610328
00623862
02544348
12796849
03839795
00841986
13521616
07797641
01294182
02794156
01622352
07361416
02422026
10149527
02633977
01164874
04111668
01424220
02757651
08256735
00505871
01602318
00772967
02707125
02203739
13065514
01263018
08268085
06775812
01165043
01708113
02054966
04893787
03029573
13875571
08770518
02139671
02679788
08837552
02707344
10334957
05342499
00273257
07786005
00872886
01202728
00330909
10090498
10578471
00361192
00596496
02760622
03557360
04598582
01742886
14120767
02304967
13248928
02279257
12621619
01906749
08853741
02800497
07787715
08511970
13391452
01015175
09014979
12891093
07908411
12260208
09846755
02780916
03837422
00465461
03728811
12945549
02543181
05301392
00478217
06472025
01818835
12751554
02937720
01071632
11839297
11854760
00557813
05643190
06392001
10265532
12121405
00110964
01448291
12557681
11786539
09144851
10758589
02717102
01836527
01027668
01262713
07532112
02313709
11126490
02717701
01054186
13737480
14437134
01594372
02065085
01025602
11354001
10634075
01894207
07574923
09437369
05683197
02566109
02445394
01028381
05923696
05725269
01874126
05541231
12667406
10707804
07315790
01582220
05933834
02183787
03496892
03150232
01662274
13503673
01998019
08893223
13461525
00563552
12263987
01494310
12378963
13814041
13456715
00846021
02005102
14758536
12407079
04766620
00743082
03031422
06694359
12133332
00610373
12969927
02534352
02648639
08542081
13001743
11956671
14603236
03811444
15130205
00329495
14360459
00933000
09069190
08632258
01625562
08899776
00387310
01066775
07794159
01074694
13805974
00095377
09754633
11776337
01001857
12774299
07429976
00769944
01241767
10784922
11716285
07799738
01730679
05176846
02325211
10366484
01552956
13560079
10773040
01199697
10000787
02338029
00007739
00153288
13924336
14473917
12143572
00557686
06682794
00316195
10565502
04275661
01576863
08278924
13895262
12930044
08284054
09185612
06532330
08684294
06748969
02233338
09199101
10710259
14336004
08957212
00639556
14336317
05862721
01951274
15215068
11640645
07569423
07330007
05389762
02146790
03594734
01264447
14276936
01656078
00141027
02056873
09956780
11237550
04561548
10684630
13465530
05396807
05202034
06622709
01269379
05756414
02793495
11552806
02363681
01357707
01825417
09044190
01682714
03940713
13658278
13660619
02159955
00899927
08210982
08544125
04435870
13900287
08761039
13218114
02179518
10732010
04568298
01254692
02332606
05542686
02059393
00898286
12204546
14716997
12462401
12679201
07150138
09831856
05032351
02088627
09683559
11773860
10384496
12566627
07357388
15053867
02240706
01797020
07744057
12334891
01948917
15169248
13505987
13186654
11427241
01751836
09973209
14950300
02652335
08706823
12330891
01006675
11444117
00560529
01891438
07032026
00137940
01036333
07796468
06049500
02803934
12578255
02424909
01373826
06221790
08629199
01891817
02834778
09163584
01670092
01643092
05403427
13453428
00794079
11601918
01737021
09916209
12604228
02246487
00073813
03917455
14686723
10085217
02847942
15062284
00120095
07451463
03540595
02410393
08466643
04921900
15042542
01343918
02353844
11964688
02727825
06122178
14195715
02290153
09144730
01404813
00375625
01149470
10677271
00550016
04932875
00499066
12250180
03076411
10312077
06229853
02174521
07064715
09211735
00371846
00319214
01805801
07510923
04216634
06250444
01412759
05760202
13435152
01008437
10132641
01490112
09835348
02616572
06054700
03204955
00823129
11295619
03129123
12408077
00446514
01959985
11766189
12085469
00030358
00106592
02797692
01256157
08743945
13027190
12934036
01416508
01522789
03007591
04960729
01150559
10505942
01693727
07826653
05977340
07885937
15257692
11749273
01083077
00418394
10641301
03294833
12499163
05387167
01308381
08720037
12753762
06827344
02623445
05869584
00579712
00290406
10500942
10667709
12922283
09444100
03325769
01801600
11795774
10526534
10065758
10080337
01631830
01406356
00427802
00411384
02003480
04050410
12087207
00784727
03330947
04470037
04367480
07304852
10416828
00472230
02406174
14948645
01271658
03669886
12848343
08108972
00242146
09277686
04651382
02109190
01466257
05403149
05284617
00828374
02127613
01364162
01603303
12097396
11466043
03979847
12881105
02997773
11618750
11970586
02579247
07573241
01470225
00857275
13300555
11524451
05747582
01085098
12611479
06588139
11501737
02142626
02806088
13628056
07033433
14805899
10657306
00046022
01821554
15258281
01473729
01931768
11400230
09724533
12613968
08811215
10770545
12738599
12702706
10027246
10908919
01368973
14661482
12579242
11685179
00864680
02393489
04760296
02602059
12429148
11444643
00330836
09622302
05541645
03972799
02687992
07711569
01458664
07733217
12674685
01302982
13931765
12667964
04019696
15265518
04934546
02006510
01061489
05333777
01549430
06625329
01065057
06602324
01949007
10246511
02796412
00009492
15169873
00076393
09772029
04173172
08101410
06104073
01989097
01947543
09912995
05149325
00415398
01501184
06113914
01117541
03863923
01679433
05924920
07030012
02366959
14035909
02541509
13398953
03132076
07009421
02281787
09053185
00593944
00926702
05586446
02243461
11259054
00680346
01973125
13319512
01226875
00306426
01157138
00708376
14177423
11869689
02021532
01210737
12213485
03971422
13459088
03064239
01912454
08719100
04443588
01832979
00048790
15255641
07408796
04682018
12902662
02546477
13552124
14238528
12669362
04648749
05314255
00312403
01748560
00462092
13027049
02524524
02244007
01203234
01676313
01490336
09750524
03410740
06679726
09923418
15236859
08729626
03308853
00253395
15242719
02015944
14480065
11159214
06843520
12841872
01517055
07328942
02218134
12922763
00446329
02329093
14813182
06170025
01903346
02339768
02451679
01828405
02406011
09103217
01740551
02004227
03145843
05558345
00235368
01896478
07683786
01418037
07690019
02033137
12588989
01910965
15210486
01917549
11716422
12255086
01443126
05775081
15224692
13178284
04950713
02285179
02666882
10015215
07857731
01580050
13264794
14467975
07702796
01045719
07293678
13895852
01920220
11545524
14692026
00353639
01411630
02546744
14778019
00048374
06158346
05992274
03309808
02033703
00711550
12871992
10645392
03667380
10135953
00744305
13355656
00382635
02131942
00013887
02076027
11894770
01624406
08578706
00097179
01557028
02050865
00780191
10325549
03457451
15266265
00456357
00038849
01561143
05832264
02564973
04563204
00868523
06762711
02646508
13375323
13108841
06377275
00594953
01936219
05866653
08702402
00317207
09190918
00041899
02602685
09726970
02335349
12318378
09899289
14069895
10191388
10067600
07325190
00967780
01351170
04425656
00050652
09903501
02158196
08717209
07720442
02340186
03192347
02114100
06529219
02410175
01807314
02614482
01137582
01062739
12598826
08398773
00583523
02001428
11374281
10378412
14509299
02574072
03997484
01540693
01153861
08551420
01176335
00122097
05677952
00807273
00855527
05335971
02478584
10820163
12115563
05601662
00842692
00959645
00901083
14276649
05967977
00527572
01010684
00980038
13141797
14062725
00978173
03799710
02411075
03048883
01823092
02172127
08110648
10291730
06023022
02229828
01317533
04933544
00752298
00735389
12669803
08137495
11801392
07936263
03096273
10765189
11316828
05763412
02490090
09145851
04638175
00672277
09281411
00054628
01808218
03359755
12052053
13366311
12178129
05629381
12289115
02143283
01356750
13547925
09833441
10335246
04191595
02971940
04563942
00145299
00030647
04847733
02419217
12257570
06740183
05640184
13250244
14892289
00201058
00976224
04879658
03579982
01936537
01507006
10418302
01042764
02529284
14960261
01020117
02077923
02706691
11592146
04621010
14887026
05861317
01573515
01187620
03806381
01910373
06839083
13249245
00914420
02157731
09099264
10347446
02341288
02251452
13227235
00748307
00411020
05838176
00695226
03396654
10199103
08976913
09339810
05544432
01512625
05813626
07935504
02955767
06516242
00661213
01640550
02080482
14789885
09040839
03790755
02879273
09410724
05274808
00099951
07747951
14001348
00636921
04705671
02717472
14351629
00840189
13652066
10761326
05717342
02535093
10663137
05382855
00046522
06808720
00650353
02768431
01608508
04441282
07411851
12564840
06310945
13476267
01759926
05761918
02393024
10248542
00182037
08418420
02362798
00903449
02700867
13538757
00757080
02241569
07766173
12233529
11183955
06711855
04401088
01032040
07377082
09641757
12636705
00780889
01145612
12685679
08916832
02463990
06267145
01972131
10682380
00684273
14915622
03325088
00871195
00969137
02872529
01306175
00276214
00291444
02385153
10700640
00812274
02645304
02427724
00065370
00341285
02541139
13798814
11239271
01224415
01617949
05674584
06400510
07261300
02211099
03925226
05229468
07046737
09753065
01021629
06235977
02087551
00307568
12517820
01588172
07443010
07764847
09405949
02300797
00843128
00751398
00398427
06684383
07365193
11715810
13624026
05218119
04038727
01763813
12305475
07410207
12097013
07772413
04581595
00729781
14555962
04526112
02487226
01282014
02244515
12843844
09085334
12566112
00384933
02465693
09918248
04206356
02047650
12527738
04407435
01985524
00565279
01728445
10052843
03380134
00009978
01781983
04773596
02403231
05228496
00380159
02055280
01449374
14777768
01629403
09200649
05576194
09041371
00190999
00341917
00442847
02633422
01541922
02299378
10311823
10685685
06617866
10305062
12551669
10055297
03305522
12752205
10361296
10889032
01023820
11846087
14685172
06098195
04931428
08358332
02864593
02747709
06840648
05574332
08672562
03769397
05783940
12989462
12420991
03499142
04919209
00369194
05461179
01680267
01589718
04888268
00455919
08486538
00391599
01466978
02822579
02368336
10198437
05157574
00406243
13631194
01246926
11853644
08794798
12614096
05021884
01967677
05545212
07594840
05337055
01028655
13421286
01410363
01878203
12766595
02186360
03042984
00802946
02376542
03085602
03108623
00213343
01992773
08017257
11871294
01497864
13998014
01410606
02731024
01627947
15164957
02058453
12221522
05958549
00834135
13171210
05005809
00598868
01170243
01877204
12407890
06838760
07554856
02199170
08141374
02469711
13111174
01727052
03661340
05728024
12564083
05444324
04892084
10584729
03538037
10065547
05990089
00472671
01745780
13977732
03365592
02260421
03848729
09419783
02573127
15242029
00530291
15119536
02430191
00262743
09000462
03566329
13604718
06398963
10580772
04025130
00241507
10172080
01677366
02476518
00319534
05227572
11939491
01141841
01547832
00749230
09854708
04052757
00356367
00552219
14299336
03260293
10040789
12868019
01829739
15195928
01162143
09160295
10697135
06817623
13395407
14936226
11760128
02172387
07619004
02759963
03790230
05705184
02651424
02331919
07968354
02621721
12619306
01480149
00603866
02642634
01703023
12710295
00405206
07523286
09612848
00213052
10498422
02582591
09421604
14926294
02984699
02778669
06448283
13801700
11884384
04008634
02688623
14583670
01885856
10771270
02749768
13081369
06676709
00548750
10177014
00809465
01182709
08774546
06791195
12349491
09471638
07502387
00455529
03860741
12940060
12183318
00151497
00006523
00678010
08522287
03818843
00439588
00095595
02336684
05675715
10531227
08502797
01451524
00629911
00470701
07762244
11724529
01497736
01378556
01816219
07356676
09977326
02133512
05602835
00807941
10026976
02274253
04505470
13307784
02629230
01769930
12844697
09126305
10059582
06804988
09895222
10741367
01810946
02079029
07320302
12321395
06687701
08680888
00152727
04266162
00876542
08832447
02166986
12927758
13222477
14541852
07722217
13949802
03344935
10477585
02743261
04974340
02397460
11700058
02580336
08811982
07963494
05264756
04944048
00194645
03141065
01174973
00265094
02215334
02197048
14403107
08221348
06308765
13694160
03587318
01778217
08395991
05693919
10011486
01691085
08397856
09883452
00850986
02620724
04515129
05764365
00346296
03789946
07933799
05485098
06139491
08674970
01669906
12524518
02226013
02689973
04403167
09340935
01384752
01824244
11751598
02194286
02639464
00360805
01747739
03121897
00726567
02525044
15279596
02643421
08579352
04937043
10183157
06489659
02526486
12020048
09026911
13724081
02643280
07349299
14487184
02561995
11439031
13156592
02624263
03383646
01362736
04743024
06950528
04077734
02119022
10229034
05811884
01148614
06930934
14528873
02024185
08053576
00281752
01114303
00753922
01586374
10927424
05625879
01142519
03467517
09624168
01914961
03899768
04259771
12345495
05016001
01273016
01789514
01172889
05502556
09210346
04742535
07636384
01971094
00834636
01011031
04484160
01601919
03098803
11968931
14160179
14766364
02157285
00087423
07423365
14747587
03672638
07796321
06207561
02132136
09424489
05552106
02425756
07803093
05748786
02241107
08780510
14956325
02698944
09970088
09546772
10714684
07677593
05107765
06936620
01697628
12690046
04071102
06941644
01160031
05427946
00045646
03914919
00827379
00903309
03593526
00130347
06534659
12362844
02335363
01442335
11899432
02705651
12516040
00429060
05171045
14265722
10214062
12201166
03358172
07957655
10318414
12696830
10773665
03137579
01669068
01757994
04051068
13007770
01712432
06790845
00037919
10244913
00164801
09819291
02264179
10321754
02661017
02680814
07205573
15017121
10208287
02324045
02014941
07098193
03802973
02586121
02331175
08274565
01769902
01273263
06525588
02495817
09889941
00505349
00982178
04634161
10705615
11814059
12679023
13623054
07448232
08782627
02205383
13559409
01562061
00258695
00039488
02642644
02640440
00609953
12518879
01294502
00630960
01665332
09186592
06586471
00789906
09999532
09689435
13457378
12097556
04527808
00066977
00675901
05781347
12163824
09223725
10676569
01687401
14397040
01488313
02536456
10516016
01120069
02468965
02531820
01745141
14500908
01588858
09961198
08889400
13917094
06351202
00764222
02557749
12592839
00459498
05718935
00319886
09644820
07396658
13177048
01628885
00387680
02104523
02213107
05268965
12975608
08131530
01034312
00582388
10537240
00533897
06873252
01928517
05530871
13777764
03315644
02590340
01119030
06195698
00476788
02068206
07193184
01630532
03868044
08492546
10225931
13827426
04756025
00307785
00994895
08372574
02510337
07961956
02298379
11525955
14084880
06759063
09533048
01563575
02032634
06649567
02658447
10746581
00559919
00599613
01855155
03971771
01575675
05114262
09125984
00535452
00480969
11008647
09309666
03247620
02128873
01992935
10387324
13112664
02769460
00058794
07445010
02164825
02341266
04413969
00615887
02120997
04183329
08987423
09233284
05704266
00885569
07971141
00644583
14661274
02450829
02226821
13650921
13771404
14917635
14821248
00253761
01618356
09780395
06550206
10407954
10292824
14422179
12382699
00039021
00828559
02434541
14687633
08097072
12347490
12229443
00549552
01172784
00591111
15269513
08435388
13549916
00351638
00231161
02019044
02449699
10154871
03002190
02831998
01881991
08346655
10521470
09129062
04257223
01942601
12516584
12077944
12591195
00134737
12027864
09002814
14547643
10878844
02661769
09866661
01291707
12584559
11863242
01417451
08212347
03601638
00627849
07426406
08016385
02399000
00338559
07154046
01591697
09547111
00270826
01551871
01987160
01172701
13027670
07762534
02776205
02580853
06783155
02995345
11892460
01756508
12079352
01818234
10737431
00135857
00324834
08361329
07737745
01450453
04950537
01660252
00181664
02979722
07274027
12821505
12432808
11721124
01466543
05730365
05853636
02581957
10395209
07810907
05510358
03108069
05284132
03551084
12585373
04913568
02888000
01072236
08388636
01128071
07039770
12161056
09180259
12653762
08133189
02091410
02449921
00080304
12479066
02657368
02860389
01277938
06030196
02453611
14908977
01326291
00216216
01081505
13430495
02270165
07007171
05692419
07433145
00330144